timestamp,created_at_termo2,context_termo2,termo2,date (America/Bogota)
1699552978149,1699552978149,{},24.5,2023-11-09 13:02:58.149000-05:00
1699552976613,1699552976613,{},25.0,2023-11-09 13:02:56.613000-05:00
1699552975084,1699552975084,{},25.0,2023-11-09 13:02:55.084000-05:00
1699552973602,1699552973602,{},24.0,2023-11-09 13:02:53.602000-05:00
1699552972097,1699552972097,{},25.0,2023-11-09 13:02:52.097000-05:00
1699552970723,1699552970723,{},25.25,2023-11-09 13:02:50.723000-05:00
1699552969081,1699552969081,{},24.75,2023-11-09 13:02:49.081000-05:00
1699552967586,1699552967586,{},25.0,2023-11-09 13:02:47.586000-05:00
1699552966074,1699552966074,{},25.0,2023-11-09 13:02:46.074000-05:00
1699552964563,1699552964563,{},24.5,2023-11-09 13:02:44.563000-05:00
1699552963068,1699552963068,{},25.0,2023-11-09 13:02:43.068000-05:00
1699552961676,1699552961676,{},25.0,2023-11-09 13:02:41.676000-05:00
1699552960110,1699552960110,{},24.75,2023-11-09 13:02:40.110000-05:00
1699552958562,1699552958562,{},25.0,2023-11-09 13:02:38.562000-05:00
1699552957137,1699552957137,{},24.5,2023-11-09 13:02:37.137000-05:00
1699552955553,1699552955553,{},24.75,2023-11-09 13:02:35.553000-05:00
1699552954044,1699552954044,{},24.75,2023-11-09 13:02:34.044000-05:00
1699552952556,1699552952556,{},24.75,2023-11-09 13:02:32.556000-05:00
1699552951056,1699552951056,{},25.25,2023-11-09 13:02:31.056000-05:00
1699552949544,1699552949544,{},25.25,2023-11-09 13:02:29.544000-05:00
1699552948043,1699552948043,{},25.0,2023-11-09 13:02:28.043000-05:00
1699552946529,1699552946529,{},24.75,2023-11-09 13:02:26.529000-05:00
1699552945041,1699552945041,{},25.0,2023-11-09 13:02:25.041000-05:00
1699552943520,1699552943520,{},24.75,2023-11-09 13:02:23.520000-05:00
1699552942006,1699552942006,{},25.0,2023-11-09 13:02:22.006000-05:00
1699552940511,1699552940511,{},24.5,2023-11-09 13:02:20.511000-05:00
1699552939009,1699552939009,{},25.25,2023-11-09 13:02:19.009000-05:00
1699552937499,1699552937499,{},24.5,2023-11-09 13:02:17.499000-05:00
1699552936024,1699552936024,{},25.5,2023-11-09 13:02:16.024000-05:00
1699552934540,1699552934540,{},25.0,2023-11-09 13:02:14.540000-05:00
1699552932984,1699552932984,{},25.25,2023-11-09 13:02:12.984000-05:00
1699552931489,1699552931489,{},24.75,2023-11-09 13:02:11.489000-05:00
1699552929989,1699552929989,{},24.5,2023-11-09 13:02:09.989000-05:00
1699552928488,1699552928488,{},24.5,2023-11-09 13:02:08.488000-05:00
1699552927004,1699552927004,{},24.5,2023-11-09 13:02:07.004000-05:00
1699552925490,1699552925490,{},24.75,2023-11-09 13:02:05.490000-05:00
1699552924006,1699552924006,{},25.0,2023-11-09 13:02:04.006000-05:00
1699552922483,1699552922483,{},24.75,2023-11-09 13:02:02.483000-05:00
1699552920966,1699552920966,{},24.75,2023-11-09 13:02:00.966000-05:00
1699552919454,1699552919454,{},25.0,2023-11-09 13:01:59.454000-05:00
1699552917994,1699552917994,{},25.5,2023-11-09 13:01:57.994000-05:00
1699552916500,1699552916500,{},25.25,2023-11-09 13:01:56.500000-05:00
1699552914945,1699552914945,{},24.75,2023-11-09 13:01:54.945000-05:00
1699552913444,1699552913444,{},25.25,2023-11-09 13:01:53.444000-05:00
1699552911931,1699552911931,{},25.0,2023-11-09 13:01:51.931000-05:00
1699552910545,1699552910545,{},25.0,2023-11-09 13:01:50.545000-05:00
1699552908949,1699552908949,{},25.0,2023-11-09 13:01:48.949000-05:00
1699552907464,1699552907464,{},25.25,2023-11-09 13:01:47.464000-05:00
1699552905930,1699552905930,{},25.0,2023-11-09 13:01:45.930000-05:00
1699552904444,1699552904444,{},25.25,2023-11-09 13:01:44.444000-05:00
1699552902916,1699552902916,{},24.75,2023-11-09 13:01:42.916000-05:00
1699552901414,1699552901414,{},25.25,2023-11-09 13:01:41.414000-05:00
1699552899920,1699552899920,{},24.75,2023-11-09 13:01:39.920000-05:00
1699552898583,1699552898583,{},25.0,2023-11-09 13:01:38.583000-05:00
1699552896914,1699552896914,{},24.5,2023-11-09 13:01:36.914000-05:00
1699552895390,1699552895390,{},24.75,2023-11-09 13:01:35.390000-05:00
1699552893954,1699552893954,{},25.0,2023-11-09 13:01:33.954000-05:00
1699552892390,1699552892390,{},25.0,2023-11-09 13:01:32.390000-05:00
1699552890879,1699552890879,{},25.5,2023-11-09 13:01:30.879000-05:00
1699552889453,1699552889453,{},25.25,2023-11-09 13:01:29.453000-05:00
1699552887942,1699552887942,{},24.75,2023-11-09 13:01:27.942000-05:00
1699552886374,1699552886374,{},25.25,2023-11-09 13:01:26.374000-05:00
1699552884918,1699552884918,{},25.25,2023-11-09 13:01:24.918000-05:00
1699552883377,1699552883377,{},25.0,2023-11-09 13:01:23.377000-05:00
1699552881860,1699552881860,{},25.25,2023-11-09 13:01:21.860000-05:00
1699552880365,1699552880365,{},25.25,2023-11-09 13:01:20.365000-05:00
1699552878895,1699552878895,{},25.25,2023-11-09 13:01:18.895000-05:00
1699552877385,1699552877385,{},25.0,2023-11-09 13:01:17.385000-05:00
1699552875843,1699552875843,{},25.25,2023-11-09 13:01:15.843000-05:00
1699552874356,1699552874356,{},25.25,2023-11-09 13:01:14.356000-05:00
1699552873120,1699552873120,{},25.25,2023-11-09 13:01:13.120000-05:00
1699552871795,1699552871795,{},25.0,2023-11-09 13:01:11.795000-05:00
1699552869894,1699552869894,{},25.25,2023-11-09 13:01:09.894000-05:00
1699552868362,1699552868362,{},24.5,2023-11-09 13:01:08.362000-05:00
1699552866823,1699552866823,{},25.25,2023-11-09 13:01:06.823000-05:00
1699552865324,1699552865324,{},25.5,2023-11-09 13:01:05.324000-05:00
1699552863819,1699552863819,{},25.25,2023-11-09 13:01:03.819000-05:00
1699552862320,1699552862320,{},25.0,2023-11-09 13:01:02.320000-05:00
1699552860830,1699552860830,{},25.25,2023-11-09 13:01:00.830000-05:00
1699552859304,1699552859304,{},25.0,2023-11-09 13:00:59.304000-05:00
1699552857789,1699552857789,{},25.25,2023-11-09 13:00:57.789000-05:00
1699552856309,1699552856309,{},25.25,2023-11-09 13:00:56.309000-05:00
1699552854829,1699552854829,{},25.5,2023-11-09 13:00:54.829000-05:00
1699552853420,1699552853420,{},24.5,2023-11-09 13:00:53.420000-05:00
1699552851783,1699552851783,{},25.25,2023-11-09 13:00:51.783000-05:00
1699552850323,1699552850323,{},25.5,2023-11-09 13:00:50.323000-05:00
1699552848785,1699552848785,{},25.0,2023-11-09 13:00:48.785000-05:00
1699552847289,1699552847289,{},25.0,2023-11-09 13:00:47.289000-05:00
1699552845779,1699552845779,{},25.0,2023-11-09 13:00:45.779000-05:00
1699552844303,1699552844303,{},25.5,2023-11-09 13:00:44.303000-05:00
1699552842774,1699552842774,{},25.5,2023-11-09 13:00:42.774000-05:00
1699552841273,1699552841273,{},25.5,2023-11-09 13:00:41.273000-05:00
1699552840279,1699552840279,{},25.0,2023-11-09 13:00:40.279000-05:00
1699552838245,1699552838245,{},25.5,2023-11-09 13:00:38.245000-05:00
1699552836772,1699552836772,{},25.25,2023-11-09 13:00:36.772000-05:00
1699552835287,1699552835287,{},25.5,2023-11-09 13:00:35.287000-05:00
1699552833746,1699552833746,{},25.5,2023-11-09 13:00:33.746000-05:00
1699552832300,1699552832300,{},25.25,2023-11-09 13:00:32.300000-05:00
1699552830744,1699552830744,{},25.5,2023-11-09 13:00:30.744000-05:00
1699552829235,1699552829235,{},25.0,2023-11-09 13:00:29.235000-05:00
1699552828466,1699552828466,{},25.0,2023-11-09 13:00:28.466000-05:00
1699552826345,1699552826345,{},25.25,2023-11-09 13:00:26.345000-05:00
1699552825181,1699552825181,{},25.0,2023-11-09 13:00:25.181000-05:00
1699552824289,1699552824289,{},25.5,2023-11-09 13:00:24.289000-05:00
1699552820244,1699552820244,{},25.5,2023-11-09 13:00:20.244000-05:00
1699552819219,1699552819219,{},24.75,2023-11-09 13:00:19.219000-05:00
1699552817677,1699552817677,{},25.0,2023-11-09 13:00:17.677000-05:00
1699552816084,1699552816084,{},25.0,2023-11-09 13:00:16.084000-05:00
1699552814630,1699552814630,{},25.0,2023-11-09 13:00:14.630000-05:00
1699552812809,1699552812809,{},25.0,2023-11-09 13:00:12.809000-05:00
1699552811220,1699552811220,{},25.5,2023-11-09 13:00:11.220000-05:00
1699552809737,1699552809737,{},25.5,2023-11-09 13:00:09.737000-05:00
1699552808329,1699552808329,{},25.5,2023-11-09 13:00:08.329000-05:00
1699552806679,1699552806679,{},25.5,2023-11-09 13:00:06.679000-05:00
1699552805169,1699552805169,{},25.5,2023-11-09 13:00:05.169000-05:00
1699552803680,1699552803680,{},25.75,2023-11-09 13:00:03.680000-05:00
1699552802216,1699552802216,{},25.25,2023-11-09 13:00:02.216000-05:00
1699552800670,1699552800670,{},25.0,2023-11-09 13:00:00.670000-05:00
1699552799159,1699552799159,{},25.5,2023-11-09 12:59:59.159000-05:00
1699552797686,1699552797686,{},25.75,2023-11-09 12:59:57.686000-05:00
1699552796148,1699552796148,{},25.75,2023-11-09 12:59:56.148000-05:00
1699552794680,1699552794680,{},25.25,2023-11-09 12:59:54.680000-05:00
1699552793174,1699552793174,{},25.5,2023-11-09 12:59:53.174000-05:00
1699552791683,1699552791683,{},25.5,2023-11-09 12:59:51.683000-05:00
1699552790148,1699552790148,{},25.5,2023-11-09 12:59:50.148000-05:00
1699552788658,1699552788658,{},25.5,2023-11-09 12:59:48.658000-05:00
1699552787124,1699552787124,{},24.75,2023-11-09 12:59:47.124000-05:00
1699552785618,1699552785618,{},25.75,2023-11-09 12:59:45.618000-05:00
1699552784149,1699552784149,{},25.75,2023-11-09 12:59:44.149000-05:00
1699552782764,1699552782764,{},25.75,2023-11-09 12:59:42.764000-05:00
1699552781405,1699552781405,{},25.5,2023-11-09 12:59:41.405000-05:00
1699552779845,1699552779845,{},25.25,2023-11-09 12:59:39.845000-05:00
1699552778101,1699552778101,{},25.75,2023-11-09 12:59:38.101000-05:00
1699552776669,1699552776669,{},25.75,2023-11-09 12:59:36.669000-05:00
1699552775093,1699552775093,{},25.5,2023-11-09 12:59:35.093000-05:00
1699552773710,1699552773710,{},25.5,2023-11-09 12:59:33.710000-05:00
1699552772445,1699552772445,{},25.75,2023-11-09 12:59:32.445000-05:00
1699552770631,1699552770631,{},25.75,2023-11-09 12:59:30.631000-05:00
1699552769251,1699552769251,{},25.75,2023-11-09 12:59:29.251000-05:00
1699552768004,1699552768004,{},26.0,2023-11-09 12:59:28.004000-05:00
1699552766082,1699552766082,{},25.75,2023-11-09 12:59:26.082000-05:00
1699552764578,1699552764578,{},25.25,2023-11-09 12:59:24.578000-05:00
1699552763069,1699552763069,{},25.25,2023-11-09 12:59:23.069000-05:00
1699552761617,1699552761617,{},25.75,2023-11-09 12:59:21.617000-05:00
1699552760138,1699552760138,{},25.75,2023-11-09 12:59:20.138000-05:00
1699552758609,1699552758609,{},25.5,2023-11-09 12:59:18.609000-05:00
1699552757091,1699552757091,{},25.75,2023-11-09 12:59:17.091000-05:00
1699552755559,1699552755559,{},25.75,2023-11-09 12:59:15.559000-05:00
1699552754060,1699552754060,{},25.5,2023-11-09 12:59:14.060000-05:00
1699552752650,1699552752650,{},26.0,2023-11-09 12:59:12.650000-05:00
1699552751060,1699552751060,{},25.5,2023-11-09 12:59:11.060000-05:00
1699552749597,1699552749597,{},25.5,2023-11-09 12:59:09.597000-05:00
1699552748153,1699552748153,{},25.5,2023-11-09 12:59:08.153000-05:00
1699552746548,1699552746548,{},25.75,2023-11-09 12:59:06.548000-05:00
1699552745059,1699552745059,{},25.25,2023-11-09 12:59:05.059000-05:00
1699552743533,1699552743533,{},26.0,2023-11-09 12:59:03.533000-05:00
1699552742015,1699552742015,{},25.75,2023-11-09 12:59:02.015000-05:00
1699552740562,1699552740562,{},25.75,2023-11-09 12:59:00.562000-05:00
1699552739026,1699552739026,{},25.25,2023-11-09 12:58:59.026000-05:00
1699552738328,1699552738328,{},25.75,2023-11-09 12:58:58.328000-05:00
1699552736008,1699552736008,{},25.75,2023-11-09 12:58:56.008000-05:00
1699552734823,1699552734823,{},26.0,2023-11-09 12:58:54.823000-05:00
1699552733343,1699552733343,{},25.75,2023-11-09 12:58:53.343000-05:00
1699552731574,1699552731574,{},26.0,2023-11-09 12:58:51.574000-05:00
1699552730003,1699552730003,{},25.25,2023-11-09 12:58:50.003000-05:00
1699552728635,1699552728635,{},25.5,2023-11-09 12:58:48.635000-05:00
1699552727046,1699552727046,{},26.0,2023-11-09 12:58:47.046000-05:00
1699552725518,1699552725518,{},26.0,2023-11-09 12:58:45.518000-05:00
1699552723968,1699552723968,{},25.75,2023-11-09 12:58:43.968000-05:00
1699552722473,1699552722473,{},26.0,2023-11-09 12:58:42.473000-05:00
1699552720983,1699552720983,{},25.75,2023-11-09 12:58:40.983000-05:00
1699552719464,1699552719464,{},25.75,2023-11-09 12:58:39.464000-05:00
1699552718001,1699552718001,{},26.0,2023-11-09 12:58:38.001000-05:00
1699552716482,1699552716482,{},25.75,2023-11-09 12:58:36.482000-05:00
1699552715750,1699552715750,{},25.5,2023-11-09 12:58:35.750000-05:00
1699552713914,1699552713914,{},25.25,2023-11-09 12:58:33.914000-05:00
1699552711964,1699552711964,{},26.0,2023-11-09 12:58:31.964000-05:00
1699552710455,1699552710455,{},25.25,2023-11-09 12:58:30.455000-05:00
1699552709020,1699552709020,{},26.0,2023-11-09 12:58:29.020000-05:00
1699552707470,1699552707470,{},26.0,2023-11-09 12:58:27.470000-05:00
1699552705984,1699552705984,{},25.5,2023-11-09 12:58:25.984000-05:00
1699552704468,1699552704468,{},25.0,2023-11-09 12:58:24.468000-05:00
1699552702934,1699552702934,{},25.75,2023-11-09 12:58:22.934000-05:00
1699552701438,1699552701438,{},26.0,2023-11-09 12:58:21.438000-05:00
1699552699945,1699552699945,{},25.75,2023-11-09 12:58:19.945000-05:00
1699552698517,1699552698517,{},26.25,2023-11-09 12:58:18.517000-05:00
1699552696950,1699552696950,{},26.0,2023-11-09 12:58:16.950000-05:00
1699552695508,1699552695508,{},25.75,2023-11-09 12:58:15.508000-05:00
1699552693949,1699552693949,{},26.25,2023-11-09 12:58:13.949000-05:00
1699552692459,1699552692459,{},25.5,2023-11-09 12:58:12.459000-05:00
1699552690916,1699552690916,{},26.25,2023-11-09 12:58:10.916000-05:00
1699552689421,1699552689421,{},26.25,2023-11-09 12:58:09.421000-05:00
1699552687919,1699552687919,{},25.75,2023-11-09 12:58:07.919000-05:00
1699552686439,1699552686439,{},26.5,2023-11-09 12:58:06.439000-05:00
1699552684930,1699552684930,{},26.0,2023-11-09 12:58:04.930000-05:00
1699552683386,1699552683386,{},26.0,2023-11-09 12:58:03.386000-05:00
1699552681906,1699552681906,{},26.0,2023-11-09 12:58:01.906000-05:00
1699552680441,1699552680441,{},26.0,2023-11-09 12:58:00.441000-05:00
1699552678872,1699552678872,{},26.0,2023-11-09 12:57:58.872000-05:00
1699552677394,1699552677394,{},26.25,2023-11-09 12:57:57.394000-05:00
1699552675885,1699552675885,{},25.75,2023-11-09 12:57:55.885000-05:00
1699552674357,1699552674357,{},26.5,2023-11-09 12:57:54.357000-05:00
1699552672894,1699552672894,{},26.0,2023-11-09 12:57:52.894000-05:00
1699552671349,1699552671349,{},26.25,2023-11-09 12:57:51.349000-05:00
1699552669900,1699552669900,{},25.75,2023-11-09 12:57:49.900000-05:00
1699552668407,1699552668407,{},26.0,2023-11-09 12:57:48.407000-05:00
1699552666837,1699552666837,{},26.25,2023-11-09 12:57:46.837000-05:00
1699552665352,1699552665352,{},26.25,2023-11-09 12:57:45.352000-05:00
1699552663846,1699552663846,{},26.25,2023-11-09 12:57:43.846000-05:00
1699552662367,1699552662367,{},26.0,2023-11-09 12:57:42.367000-05:00
1699552660837,1699552660837,{},26.5,2023-11-09 12:57:40.837000-05:00
1699552659325,1699552659325,{},26.25,2023-11-09 12:57:39.325000-05:00
1699552657834,1699552657834,{},26.5,2023-11-09 12:57:37.834000-05:00
1699552656357,1699552656357,{},26.5,2023-11-09 12:57:36.357000-05:00
1699552654809,1699552654809,{},26.5,2023-11-09 12:57:34.809000-05:00
1699552653303,1699552653303,{},26.25,2023-11-09 12:57:33.303000-05:00
1699552651802,1699552651802,{},26.25,2023-11-09 12:57:31.802000-05:00
1699552650295,1699552650295,{},26.5,2023-11-09 12:57:30.295000-05:00
1699552648817,1699552648817,{},26.5,2023-11-09 12:57:28.817000-05:00
1699552647288,1699552647288,{},26.25,2023-11-09 12:57:27.288000-05:00
1699552645789,1699552645789,{},26.25,2023-11-09 12:57:25.789000-05:00
1699552644299,1699552644299,{},26.75,2023-11-09 12:57:24.299000-05:00
1699552642867,1699552642867,{},26.25,2023-11-09 12:57:22.867000-05:00
1699552641310,1699552641310,{},26.5,2023-11-09 12:57:21.310000-05:00
1699552639781,1699552639781,{},26.5,2023-11-09 12:57:19.781000-05:00
1699552638268,1699552638268,{},26.75,2023-11-09 12:57:18.268000-05:00
1699552636758,1699552636758,{},26.75,2023-11-09 12:57:16.758000-05:00
1699552635269,1699552635269,{},26.75,2023-11-09 12:57:15.269000-05:00
1699552633818,1699552633818,{},26.75,2023-11-09 12:57:13.818000-05:00
1699552632320,1699552632320,{},26.5,2023-11-09 12:57:12.320000-05:00
1699552630802,1699552630802,{},26.25,2023-11-09 12:57:10.802000-05:00
1699552629252,1699552629252,{},26.75,2023-11-09 12:57:09.252000-05:00
1699552627733,1699552627733,{},25.75,2023-11-09 12:57:07.733000-05:00
1699552626234,1699552626234,{},26.5,2023-11-09 12:57:06.234000-05:00
1699552624747,1699552624747,{},26.5,2023-11-09 12:57:04.747000-05:00
1699552623221,1699552623221,{},26.75,2023-11-09 12:57:03.221000-05:00
1699552621736,1699552621736,{},26.5,2023-11-09 12:57:01.736000-05:00
1699552620269,1699552620269,{},26.5,2023-11-09 12:57:00.269000-05:00
1699552618759,1699552618759,{},26.75,2023-11-09 12:56:58.759000-05:00
1699552617213,1699552617213,{},26.75,2023-11-09 12:56:57.213000-05:00
1699552615748,1699552615748,{},27.0,2023-11-09 12:56:55.748000-05:00
1699552614207,1699552614207,{},27.0,2023-11-09 12:56:54.207000-05:00
1699552612743,1699552612743,{},26.25,2023-11-09 12:56:52.743000-05:00
1699552611210,1699552611210,{},26.75,2023-11-09 12:56:51.210000-05:00
1699552609761,1699552609761,{},26.5,2023-11-09 12:56:49.761000-05:00
1699552608202,1699552608202,{},26.75,2023-11-09 12:56:48.202000-05:00
1699552606711,1699552606711,{},26.5,2023-11-09 12:56:46.711000-05:00
1699552605192,1699552605192,{},26.5,2023-11-09 12:56:45.192000-05:00
1699552603685,1699552603685,{},26.75,2023-11-09 12:56:43.685000-05:00
1699552602205,1699552602205,{},27.0,2023-11-09 12:56:42.205000-05:00
1699552600686,1699552600686,{},26.75,2023-11-09 12:56:40.686000-05:00
1699552599207,1699552599207,{},27.0,2023-11-09 12:56:39.207000-05:00
1699552597730,1699552597730,{},26.75,2023-11-09 12:56:37.730000-05:00
1699552596178,1699552596178,{},27.0,2023-11-09 12:56:36.178000-05:00
1699552594759,1699552594759,{},26.75,2023-11-09 12:56:34.759000-05:00
1699552593202,1699552593202,{},27.0,2023-11-09 12:56:33.202000-05:00
1699552591658,1699552591658,{},27.25,2023-11-09 12:56:31.658000-05:00
1699552590154,1699552590154,{},26.5,2023-11-09 12:56:30.154000-05:00
1699552588642,1699552588642,{},26.75,2023-11-09 12:56:28.642000-05:00
1699552587143,1699552587143,{},27.0,2023-11-09 12:56:27.143000-05:00
1699552585657,1699552585657,{},26.75,2023-11-09 12:56:25.657000-05:00
1699552584188,1699552584188,{},27.25,2023-11-09 12:56:24.188000-05:00
1699552582634,1699552582634,{},27.25,2023-11-09 12:56:22.634000-05:00
1699552581155,1699552581155,{},26.5,2023-11-09 12:56:21.155000-05:00
1699552579642,1699552579642,{},26.5,2023-11-09 12:56:19.642000-05:00
1699552578113,1699552578113,{},27.0,2023-11-09 12:56:18.113000-05:00
1699552576614,1699552576614,{},27.0,2023-11-09 12:56:16.614000-05:00
1699552575132,1699552575132,{},27.0,2023-11-09 12:56:15.132000-05:00
1699552573649,1699552573649,{},27.5,2023-11-09 12:56:13.649000-05:00
1699552572098,1699552572098,{},27.25,2023-11-09 12:56:12.098000-05:00
1699552570603,1699552570603,{},27.0,2023-11-09 12:56:10.603000-05:00
1699552569097,1699552569097,{},26.75,2023-11-09 12:56:09.097000-05:00
1699552567609,1699552567609,{},27.25,2023-11-09 12:56:07.609000-05:00
1699552566088,1699552566088,{},27.0,2023-11-09 12:56:06.088000-05:00
1699552564583,1699552564583,{},27.0,2023-11-09 12:56:04.583000-05:00
1699552563095,1699552563095,{},27.0,2023-11-09 12:56:03.095000-05:00
1699552561578,1699552561578,{},26.75,2023-11-09 12:56:01.578000-05:00
1699552560132,1699552560132,{},27.0,2023-11-09 12:56:00.132000-05:00
1699552558621,1699552558621,{},27.5,2023-11-09 12:55:58.621000-05:00
1699552557157,1699552557157,{},27.0,2023-11-09 12:55:57.157000-05:00
1699552555587,1699552555587,{},27.25,2023-11-09 12:55:55.587000-05:00
1699552554062,1699552554062,{},27.5,2023-11-09 12:55:54.062000-05:00
1699552552582,1699552552582,{},27.5,2023-11-09 12:55:52.582000-05:00
1699552551053,1699552551053,{},27.25,2023-11-09 12:55:51.053000-05:00
1699552549561,1699552549561,{},27.5,2023-11-09 12:55:49.561000-05:00
1699552548047,1699552548047,{},27.5,2023-11-09 12:55:48.047000-05:00
1699552546582,1699552546582,{},27.5,2023-11-09 12:55:46.582000-05:00
1699552545069,1699552545069,{},27.5,2023-11-09 12:55:45.069000-05:00
1699552543536,1699552543536,{},27.5,2023-11-09 12:55:43.536000-05:00
1699552542039,1699552542039,{},27.0,2023-11-09 12:55:42.039000-05:00
1699552540569,1699552540569,{},27.5,2023-11-09 12:55:40.569000-05:00
1699552539039,1699552539039,{},27.5,2023-11-09 12:55:39.039000-05:00
1699552537603,1699552537603,{},27.5,2023-11-09 12:55:37.603000-05:00
1699552536105,1699552536105,{},27.5,2023-11-09 12:55:36.105000-05:00
1699552534537,1699552534537,{},27.75,2023-11-09 12:55:34.537000-05:00
1699552531314,1699552531314,{},27.5,2023-11-09 12:55:31.314000-05:00
1699552529825,1699552529825,{},27.75,2023-11-09 12:55:29.825000-05:00
1699552528335,1699552528335,{},27.25,2023-11-09 12:55:28.335000-05:00
1699552526827,1699552526827,{},28.25,2023-11-09 12:55:26.827000-05:00
1699552525369,1699552525369,{},27.25,2023-11-09 12:55:25.369000-05:00
1699552523814,1699552523814,{},27.25,2023-11-09 12:55:23.814000-05:00
1699552522312,1699552522312,{},27.5,2023-11-09 12:55:22.312000-05:00
1699552520811,1699552520811,{},27.75,2023-11-09 12:55:20.811000-05:00
1699552519310,1699552519310,{},27.75,2023-11-09 12:55:19.310000-05:00
1699552517812,1699552517812,{},27.25,2023-11-09 12:55:17.812000-05:00
1699552516287,1699552516287,{},27.5,2023-11-09 12:55:16.287000-05:00
1699552514781,1699552514781,{},27.5,2023-11-09 12:55:14.781000-05:00
1699552513277,1699552513277,{},28.0,2023-11-09 12:55:13.277000-05:00
1699552511776,1699552511776,{},27.75,2023-11-09 12:55:11.776000-05:00
1699552510276,1699552510276,{},27.5,2023-11-09 12:55:10.276000-05:00
1699552508784,1699552508784,{},27.75,2023-11-09 12:55:08.784000-05:00
1699552507288,1699552507288,{},27.75,2023-11-09 12:55:07.288000-05:00
1699552505776,1699552505776,{},27.5,2023-11-09 12:55:05.776000-05:00
1699552504289,1699552504289,{},27.25,2023-11-09 12:55:04.289000-05:00
1699552502772,1699552502772,{},28.0,2023-11-09 12:55:02.772000-05:00
1699552501271,1699552501271,{},28.0,2023-11-09 12:55:01.271000-05:00
1699552499755,1699552499755,{},28.0,2023-11-09 12:54:59.755000-05:00
1699552498255,1699552498255,{},27.75,2023-11-09 12:54:58.255000-05:00
1699552496744,1699552496744,{},27.75,2023-11-09 12:54:56.744000-05:00
1699552495298,1699552495298,{},27.5,2023-11-09 12:54:55.298000-05:00
1699552493740,1699552493740,{},27.5,2023-11-09 12:54:53.740000-05:00
1699552492229,1699552492229,{},28.25,2023-11-09 12:54:52.229000-05:00
1699552490735,1699552490735,{},28.25,2023-11-09 12:54:50.735000-05:00
1699552489246,1699552489246,{},28.0,2023-11-09 12:54:49.246000-05:00
1699552487719,1699552487719,{},28.25,2023-11-09 12:54:47.719000-05:00
1699552486218,1699552486218,{},28.25,2023-11-09 12:54:46.218000-05:00
1699552484716,1699552484716,{},28.25,2023-11-09 12:54:44.716000-05:00
1699552483216,1699552483216,{},27.75,2023-11-09 12:54:43.216000-05:00
1699552481764,1699552481764,{},28.25,2023-11-09 12:54:41.764000-05:00
1699552480202,1699552480202,{},28.25,2023-11-09 12:54:40.202000-05:00
1699552478706,1699552478706,{},28.0,2023-11-09 12:54:38.706000-05:00
1699552477264,1699552477264,{},28.0,2023-11-09 12:54:37.264000-05:00
1699552475700,1699552475700,{},28.25,2023-11-09 12:54:35.700000-05:00
1699552474206,1699552474206,{},28.25,2023-11-09 12:54:34.206000-05:00
1699552472681,1699552472681,{},28.25,2023-11-09 12:54:32.681000-05:00
1699552471269,1699552471269,{},28.5,2023-11-09 12:54:31.269000-05:00
1699552469697,1699552469697,{},28.25,2023-11-09 12:54:29.697000-05:00
1699552468182,1699552468182,{},28.5,2023-11-09 12:54:28.182000-05:00
1699552466679,1699552466679,{},28.25,2023-11-09 12:54:26.679000-05:00
1699552465177,1699552465177,{},28.0,2023-11-09 12:54:25.177000-05:00
1699552463661,1699552463661,{},28.5,2023-11-09 12:54:23.661000-05:00
1699552462155,1699552462155,{},28.25,2023-11-09 12:54:22.155000-05:00
1699552460645,1699552460645,{},28.75,2023-11-09 12:54:20.645000-05:00
1699552459146,1699552459146,{},28.5,2023-11-09 12:54:19.146000-05:00
1699552457641,1699552457641,{},28.75,2023-11-09 12:54:17.641000-05:00
1699552456146,1699552456146,{},28.75,2023-11-09 12:54:16.146000-05:00
1699552454655,1699552454655,{},28.75,2023-11-09 12:54:14.655000-05:00
1699552453136,1699552453136,{},28.75,2023-11-09 12:54:13.136000-05:00
1699552451640,1699552451640,{},28.25,2023-11-09 12:54:11.640000-05:00
1699552450134,1699552450134,{},28.25,2023-11-09 12:54:10.134000-05:00
1699552448627,1699552448627,{},28.75,2023-11-09 12:54:08.627000-05:00
1699552447146,1699552447146,{},28.0,2023-11-09 12:54:07.146000-05:00
1699552445626,1699552445626,{},28.0,2023-11-09 12:54:05.626000-05:00
1699552444126,1699552444126,{},28.25,2023-11-09 12:54:04.126000-05:00
1699552442645,1699552442645,{},28.5,2023-11-09 12:54:02.645000-05:00
1699552441106,1699552441106,{},29.0,2023-11-09 12:54:01.106000-05:00
1699552439621,1699552439621,{},28.5,2023-11-09 12:53:59.621000-05:00
1699552438120,1699552438120,{},28.5,2023-11-09 12:53:58.120000-05:00
1699552436595,1699552436595,{},29.0,2023-11-09 12:53:56.595000-05:00
1699552435140,1699552435140,{},29.0,2023-11-09 12:53:55.140000-05:00
1699552433620,1699552433620,{},29.0,2023-11-09 12:53:53.620000-05:00
1699552432106,1699552432106,{},29.0,2023-11-09 12:53:52.106000-05:00
1699552430591,1699552430591,{},28.75,2023-11-09 12:53:50.591000-05:00
1699552429077,1699552429077,{},28.5,2023-11-09 12:53:49.077000-05:00
1699552427590,1699552427590,{},29.25,2023-11-09 12:53:47.590000-05:00
1699552426071,1699552426071,{},29.0,2023-11-09 12:53:46.071000-05:00
1699552424564,1699552424564,{},29.0,2023-11-09 12:53:44.564000-05:00
1699552423101,1699552423101,{},29.0,2023-11-09 12:53:43.101000-05:00
1699552421572,1699552421572,{},29.0,2023-11-09 12:53:41.572000-05:00
1699552420060,1699552420060,{},28.75,2023-11-09 12:53:40.060000-05:00
1699552418564,1699552418564,{},29.25,2023-11-09 12:53:38.564000-05:00
1699552417047,1699552417047,{},29.0,2023-11-09 12:53:37.047000-05:00
1699552415541,1699552415541,{},29.5,2023-11-09 12:53:35.541000-05:00
1699552414076,1699552414076,{},29.25,2023-11-09 12:53:34.076000-05:00
1699552412544,1699552412544,{},29.5,2023-11-09 12:53:32.544000-05:00
1699552411034,1699552411034,{},28.5,2023-11-09 12:53:31.034000-05:00
1699552409534,1699552409534,{},29.75,2023-11-09 12:53:29.534000-05:00
1699552408044,1699552408044,{},29.5,2023-11-09 12:53:28.044000-05:00
1699552406551,1699552406551,{},28.75,2023-11-09 12:53:26.551000-05:00
1699552405014,1699552405014,{},29.25,2023-11-09 12:53:25.014000-05:00
1699552403566,1699552403566,{},29.25,2023-11-09 12:53:23.566000-05:00
1699552402019,1699552402019,{},29.25,2023-11-09 12:53:22.019000-05:00
1699552400586,1699552400586,{},29.5,2023-11-09 12:53:20.586000-05:00
1699552399069,1699552399069,{},29.75,2023-11-09 12:53:19.069000-05:00
1699552397529,1699552397529,{},29.75,2023-11-09 12:53:17.529000-05:00
1699552396081,1699552396081,{},29.5,2023-11-09 12:53:16.081000-05:00
1699552394525,1699552394525,{},29.75,2023-11-09 12:53:14.525000-05:00
1699552392989,1699552392989,{},30.0,2023-11-09 12:53:12.989000-05:00
1699552391484,1699552391484,{},29.25,2023-11-09 12:53:11.484000-05:00
1699552390022,1699552390022,{},29.5,2023-11-09 12:53:10.022000-05:00
1699552388482,1699552388482,{},29.0,2023-11-09 12:53:08.482000-05:00
1699552387006,1699552387006,{},29.75,2023-11-09 12:53:07.006000-05:00
1699552385487,1699552385487,{},29.75,2023-11-09 12:53:05.487000-05:00
1699552383981,1699552383981,{},30.0,2023-11-09 12:53:03.981000-05:00
1699552382461,1699552382461,{},29.5,2023-11-09 12:53:02.461000-05:00
1699552381048,1699552381048,{},30.0,2023-11-09 12:53:01.048000-05:00
1699552379500,1699552379500,{},30.0,2023-11-09 12:52:59.500000-05:00
1699552377954,1699552377954,{},30.0,2023-11-09 12:52:57.954000-05:00
1699552376930,1699552376930,{},29.75,2023-11-09 12:52:56.930000-05:00
1699552374961,1699552374961,{},30.0,2023-11-09 12:52:54.961000-05:00
1699552373451,1699552373451,{},30.0,2023-11-09 12:52:53.451000-05:00
1699552371970,1699552371970,{},30.5,2023-11-09 12:52:51.970000-05:00
1699552370456,1699552370456,{},30.0,2023-11-09 12:52:50.456000-05:00
1699552369439,1699552369439,{},30.25,2023-11-09 12:52:49.439000-05:00
1699552367445,1699552367445,{},30.0,2023-11-09 12:52:47.445000-05:00
1699552365927,1699552365927,{},29.75,2023-11-09 12:52:45.927000-05:00
1699552364376,1699552364376,{},30.25,2023-11-09 12:52:44.376000-05:00
1699552359105,1699552359105,{},30.75,2023-11-09 12:52:39.105000-05:00
1699552355796,1699552355796,{},30.25,2023-11-09 12:52:35.796000-05:00
1699552353367,1699552353367,{},30.5,2023-11-09 12:52:33.367000-05:00
1699552351566,1699552351566,{},30.75,2023-11-09 12:52:31.566000-05:00
1699552349402,1699552349402,{},31.0,2023-11-09 12:52:29.402000-05:00
1699552347936,1699552347936,{},30.25,2023-11-09 12:52:27.936000-05:00
1699552346391,1699552346391,{},30.5,2023-11-09 12:52:26.391000-05:00
1699552344996,1699552344996,{},30.5,2023-11-09 12:52:24.996000-05:00
1699552343394,1699552343394,{},30.5,2023-11-09 12:52:23.394000-05:00
1699552342025,1699552342025,{},30.5,2023-11-09 12:52:22.025000-05:00
1699552340371,1699552340371,{},31.0,2023-11-09 12:52:20.371000-05:00
1699552338877,1699552338877,{},31.0,2023-11-09 12:52:18.877000-05:00
1699552337381,1699552337381,{},31.25,2023-11-09 12:52:17.381000-05:00
1699552335996,1699552335996,{},31.25,2023-11-09 12:52:15.996000-05:00
1699552334371,1699552334371,{},31.0,2023-11-09 12:52:14.371000-05:00
1699552332874,1699552332874,{},31.25,2023-11-09 12:52:12.874000-05:00
1699552331364,1699552331364,{},30.75,2023-11-09 12:52:11.364000-05:00
1699552329855,1699552329855,{},31.0,2023-11-09 12:52:09.855000-05:00
1699552328395,1699552328395,{},31.25,2023-11-09 12:52:08.395000-05:00
1699552326866,1699552326866,{},31.25,2023-11-09 12:52:06.866000-05:00
1699552325364,1699552325364,{},31.0,2023-11-09 12:52:05.364000-05:00
1699552323839,1699552323839,{},31.5,2023-11-09 12:52:03.839000-05:00
1699552322356,1699552322356,{},31.5,2023-11-09 12:52:02.356000-05:00
1699552320831,1699552320831,{},31.5,2023-11-09 12:52:00.831000-05:00
1699552319333,1699552319333,{},31.0,2023-11-09 12:51:59.333000-05:00
1699552317838,1699552317838,{},31.25,2023-11-09 12:51:57.838000-05:00
1699552316397,1699552316397,{},31.75,2023-11-09 12:51:56.397000-05:00
1699552314904,1699552314904,{},31.25,2023-11-09 12:51:54.904000-05:00
1699552313362,1699552313362,{},31.75,2023-11-09 12:51:53.362000-05:00
1699552311810,1699552311810,{},31.5,2023-11-09 12:51:51.810000-05:00
1699552310311,1699552310311,{},31.5,2023-11-09 12:51:50.311000-05:00
1699552308800,1699552308800,{},31.5,2023-11-09 12:51:48.800000-05:00
1699552307346,1699552307346,{},31.75,2023-11-09 12:51:47.346000-05:00
1699552305898,1699552305898,{},32.0,2023-11-09 12:51:45.898000-05:00
1699552304305,1699552304305,{},32.0,2023-11-09 12:51:44.305000-05:00
1699552302801,1699552302801,{},32.0,2023-11-09 12:51:42.801000-05:00
1699552301321,1699552301321,{},31.25,2023-11-09 12:51:41.321000-05:00
1699552299798,1699552299798,{},31.75,2023-11-09 12:51:39.798000-05:00
1699552298275,1699552298275,{},32.0,2023-11-09 12:51:38.275000-05:00
1699552296786,1699552296786,{},31.5,2023-11-09 12:51:36.786000-05:00
1699552295306,1699552295306,{},32.25,2023-11-09 12:51:35.306000-05:00
1699552293787,1699552293787,{},32.0,2023-11-09 12:51:33.787000-05:00
1699552292266,1699552292266,{},32.25,2023-11-09 12:51:32.266000-05:00
1699552290821,1699552290821,{},32.25,2023-11-09 12:51:30.821000-05:00
1699552289251,1699552289251,{},32.25,2023-11-09 12:51:29.251000-05:00
1699552287745,1699552287745,{},31.75,2023-11-09 12:51:27.745000-05:00
1699552286280,1699552286280,{},31.75,2023-11-09 12:51:26.280000-05:00
1699552284791,1699552284791,{},32.5,2023-11-09 12:51:24.791000-05:00
1699552283279,1699552283279,{},32.25,2023-11-09 12:51:23.279000-05:00
1699552281737,1699552281737,{},32.0,2023-11-09 12:51:21.737000-05:00
1699552280231,1699552280231,{},32.5,2023-11-09 12:51:20.231000-05:00
1699552278729,1699552278729,{},32.75,2023-11-09 12:51:18.729000-05:00
1699552277236,1699552277236,{},32.25,2023-11-09 12:51:17.236000-05:00
1699552275715,1699552275715,{},32.5,2023-11-09 12:51:15.715000-05:00
1699552274244,1699552274244,{},33.0,2023-11-09 12:51:14.244000-05:00
1699552272719,1699552272719,{},32.5,2023-11-09 12:51:12.719000-05:00
1699552271266,1699552271266,{},33.0,2023-11-09 12:51:11.266000-05:00
1699552269726,1699552269726,{},33.0,2023-11-09 12:51:09.726000-05:00
1699552268215,1699552268215,{},32.75,2023-11-09 12:51:08.215000-05:00
1699552266739,1699552266739,{},32.25,2023-11-09 12:51:06.739000-05:00
1699552265199,1699552265199,{},33.5,2023-11-09 12:51:05.199000-05:00
1699552263771,1699552263771,{},33.25,2023-11-09 12:51:03.771000-05:00
1699552262217,1699552262217,{},32.5,2023-11-09 12:51:02.217000-05:00
1699552260716,1699552260716,{},33.25,2023-11-09 12:51:00.716000-05:00
1699552259220,1699552259220,{},32.5,2023-11-09 12:50:59.220000-05:00
1699552257674,1699552257674,{},33.0,2023-11-09 12:50:57.674000-05:00
1699552256182,1699552256182,{},33.25,2023-11-09 12:50:56.182000-05:00
1699552254660,1699552254660,{},33.5,2023-11-09 12:50:54.660000-05:00
1699552253172,1699552253172,{},33.5,2023-11-09 12:50:53.172000-05:00
1699552251671,1699552251671,{},33.25,2023-11-09 12:50:51.671000-05:00
1699552250180,1699552250180,{},33.75,2023-11-09 12:50:50.180000-05:00
1699552248651,1699552248651,{},33.75,2023-11-09 12:50:48.651000-05:00
1699552247170,1699552247170,{},33.25,2023-11-09 12:50:47.170000-05:00
1699552245639,1699552245639,{},33.75,2023-11-09 12:50:45.639000-05:00
1699552244141,1699552244141,{},33.5,2023-11-09 12:50:44.141000-05:00
1699552242741,1699552242741,{},34.0,2023-11-09 12:50:42.741000-05:00
1699552241171,1699552241171,{},34.0,2023-11-09 12:50:41.171000-05:00
1699552239641,1699552239641,{},33.75,2023-11-09 12:50:39.641000-05:00
1699552238141,1699552238141,{},33.75,2023-11-09 12:50:38.141000-05:00
1699552236656,1699552236656,{},34.0,2023-11-09 12:50:36.656000-05:00
1699552235164,1699552235164,{},34.0,2023-11-09 12:50:35.164000-05:00
1699552233682,1699552233682,{},34.25,2023-11-09 12:50:33.682000-05:00
1699552232131,1699552232131,{},34.25,2023-11-09 12:50:32.131000-05:00
1699552230626,1699552230626,{},34.25,2023-11-09 12:50:30.626000-05:00
1699552229117,1699552229117,{},34.0,2023-11-09 12:50:29.117000-05:00
1699552227606,1699552227606,{},34.5,2023-11-09 12:50:27.606000-05:00
1699552226117,1699552226117,{},34.5,2023-11-09 12:50:26.117000-05:00
1699552224600,1699552224600,{},34.5,2023-11-09 12:50:24.600000-05:00
1699552223110,1699552223110,{},34.75,2023-11-09 12:50:23.110000-05:00
1699552221616,1699552221616,{},34.75,2023-11-09 12:50:21.616000-05:00
1699552220089,1699552220089,{},35.0,2023-11-09 12:50:20.089000-05:00
1699552218650,1699552218650,{},35.0,2023-11-09 12:50:18.650000-05:00
1699552217100,1699552217100,{},35.0,2023-11-09 12:50:17.100000-05:00
1699552215589,1699552215589,{},35.0,2023-11-09 12:50:15.589000-05:00
1699552214119,1699552214119,{},35.25,2023-11-09 12:50:14.119000-05:00
1699552212570,1699552212570,{},35.25,2023-11-09 12:50:12.570000-05:00
1699552211074,1699552211074,{},35.0,2023-11-09 12:50:11.074000-05:00
1699552209561,1699552209561,{},35.25,2023-11-09 12:50:09.561000-05:00
1699552208066,1699552208066,{},35.25,2023-11-09 12:50:08.066000-05:00
1699552206551,1699552206551,{},34.75,2023-11-09 12:50:06.551000-05:00
1699552205044,1699552205044,{},35.5,2023-11-09 12:50:05.044000-05:00
1699552203609,1699552203609,{},35.5,2023-11-09 12:50:03.609000-05:00
1699552202072,1699552202072,{},35.25,2023-11-09 12:50:02.072000-05:00
1699552200759,1699552200759,{},34.75,2023-11-09 12:50:00.759000-05:00
1699552199039,1699552199039,{},35.5,2023-11-09 12:49:59.039000-05:00
1699552197562,1699552197562,{},35.25,2023-11-09 12:49:57.562000-05:00
1699552196317,1699552196317,{},36.0,2023-11-09 12:49:56.317000-05:00
1699552194576,1699552194576,{},35.5,2023-11-09 12:49:54.576000-05:00
1699552193145,1699552193145,{},36.0,2023-11-09 12:49:53.145000-05:00
1699552191639,1699552191639,{},36.0,2023-11-09 12:49:51.639000-05:00
1699552190155,1699552190155,{},35.75,2023-11-09 12:49:50.155000-05:00
1699552188525,1699552188525,{},36.0,2023-11-09 12:49:48.525000-05:00
1699552187021,1699552187021,{},36.25,2023-11-09 12:49:47.021000-05:00
1699552185526,1699552185526,{},36.0,2023-11-09 12:49:45.526000-05:00
1699552183996,1699552183996,{},36.5,2023-11-09 12:49:43.996000-05:00
1699552182557,1699552182557,{},35.75,2023-11-09 12:49:42.557000-05:00
1699552180991,1699552180991,{},36.25,2023-11-09 12:49:40.991000-05:00
1699552179485,1699552179485,{},36.25,2023-11-09 12:49:39.485000-05:00
1699552177982,1699552177982,{},36.5,2023-11-09 12:49:37.982000-05:00
1699552176515,1699552176515,{},36.5,2023-11-09 12:49:36.515000-05:00
1699552174983,1699552174983,{},36.5,2023-11-09 12:49:34.983000-05:00
1699552173502,1699552173502,{},36.25,2023-11-09 12:49:33.502000-05:00
1699552171981,1699552171981,{},36.5,2023-11-09 12:49:31.981000-05:00
1699552170475,1699552170475,{},36.25,2023-11-09 12:49:30.475000-05:00
1699552168971,1699552168971,{},37.25,2023-11-09 12:49:28.971000-05:00
1699552167473,1699552167473,{},36.75,2023-11-09 12:49:27.473000-05:00
1699552165974,1699552165974,{},36.75,2023-11-09 12:49:25.974000-05:00
1699552164514,1699552164514,{},37.25,2023-11-09 12:49:24.514000-05:00
1699552162966,1699552162966,{},36.5,2023-11-09 12:49:22.966000-05:00
1699552161445,1699552161445,{},37.5,2023-11-09 12:49:21.445000-05:00
1699552159941,1699552159941,{},37.75,2023-11-09 12:49:19.941000-05:00
1699552158435,1699552158435,{},37.75,2023-11-09 12:49:18.435000-05:00
1699552156961,1699552156961,{},37.25,2023-11-09 12:49:16.961000-05:00
1699552155424,1699552155424,{},37.75,2023-11-09 12:49:15.424000-05:00
1699552153925,1699552153925,{},37.75,2023-11-09 12:49:13.925000-05:00
1699552152484,1699552152484,{},37.25,2023-11-09 12:49:12.484000-05:00
1699552150939,1699552150939,{},37.5,2023-11-09 12:49:10.939000-05:00
1699552149410,1699552149410,{},38.0,2023-11-09 12:49:09.410000-05:00
1699552147910,1699552147910,{},38.0,2023-11-09 12:49:07.910000-05:00
1699552146409,1699552146409,{},38.5,2023-11-09 12:49:06.409000-05:00
1699552144911,1699552144911,{},38.25,2023-11-09 12:49:04.911000-05:00
1699552143400,1699552143400,{},38.5,2023-11-09 12:49:03.400000-05:00
1699552141896,1699552141896,{},38.5,2023-11-09 12:49:01.896000-05:00
1699552140415,1699552140415,{},38.25,2023-11-09 12:49:00.415000-05:00
1699552139046,1699552139046,{},38.5,2023-11-09 12:48:59.046000-05:00
1699552137397,1699552137397,{},39.0,2023-11-09 12:48:57.397000-05:00
1699552135902,1699552135902,{},38.5,2023-11-09 12:48:55.902000-05:00
1699552134406,1699552134406,{},39.0,2023-11-09 12:48:54.406000-05:00
1699552132881,1699552132881,{},38.5,2023-11-09 12:48:52.881000-05:00
1699552131375,1699552131375,{},39.0,2023-11-09 12:48:51.375000-05:00
1699552129892,1699552129892,{},39.5,2023-11-09 12:48:49.892000-05:00
1699552128360,1699552128360,{},38.75,2023-11-09 12:48:48.360000-05:00
1699552126863,1699552126863,{},38.75,2023-11-09 12:48:46.863000-05:00
1699552125353,1699552125353,{},39.25,2023-11-09 12:48:45.353000-05:00
1699552123855,1699552123855,{},39.25,2023-11-09 12:48:43.855000-05:00
1699552122409,1699552122409,{},39.5,2023-11-09 12:48:42.409000-05:00
1699552120860,1699552120860,{},39.75,2023-11-09 12:48:40.860000-05:00
1699552119371,1699552119371,{},40.0,2023-11-09 12:48:39.371000-05:00
1699552117840,1699552117840,{},40.0,2023-11-09 12:48:37.840000-05:00
1699552116376,1699552116376,{},39.5,2023-11-09 12:48:36.376000-05:00
1699552114830,1699552114830,{},39.75,2023-11-09 12:48:34.830000-05:00
1699552113335,1699552113335,{},40.25,2023-11-09 12:48:33.335000-05:00
1699552111815,1699552111815,{},40.5,2023-11-09 12:48:31.815000-05:00
1699552110315,1699552110315,{},40.0,2023-11-09 12:48:30.315000-05:00
1699552108820,1699552108820,{},40.5,2023-11-09 12:48:28.820000-05:00
1699552107346,1699552107346,{},40.75,2023-11-09 12:48:27.346000-05:00
1699552105794,1699552105794,{},40.75,2023-11-09 12:48:25.794000-05:00
1699552104314,1699552104314,{},40.75,2023-11-09 12:48:24.314000-05:00
1699552102800,1699552102800,{},41.0,2023-11-09 12:48:22.800000-05:00
1699552101308,1699552101308,{},41.25,2023-11-09 12:48:21.308000-05:00
1699552099803,1699552099803,{},41.0,2023-11-09 12:48:19.803000-05:00
1699552098284,1699552098284,{},41.0,2023-11-09 12:48:18.284000-05:00
1699552096974,1699552096974,{},41.25,2023-11-09 12:48:16.974000-05:00
1699552095285,1699552095285,{},41.5,2023-11-09 12:48:15.285000-05:00
1699552093774,1699552093774,{},41.75,2023-11-09 12:48:13.774000-05:00
1699552092270,1699552092270,{},41.25,2023-11-09 12:48:12.270000-05:00
1699552090762,1699552090762,{},41.25,2023-11-09 12:48:10.762000-05:00
1699552089263,1699552089263,{},42.0,2023-11-09 12:48:09.263000-05:00
1699552087757,1699552087757,{},42.25,2023-11-09 12:48:07.757000-05:00
1699552086256,1699552086256,{},41.5,2023-11-09 12:48:06.256000-05:00
1699552084822,1699552084822,{},42.0,2023-11-09 12:48:04.822000-05:00
1699552083252,1699552083252,{},42.25,2023-11-09 12:48:03.252000-05:00
1699552081762,1699552081762,{},42.25,2023-11-09 12:48:01.762000-05:00
1699552080241,1699552080241,{},42.5,2023-11-09 12:48:00.241000-05:00
1699552078744,1699552078744,{},42.25,2023-11-09 12:47:58.744000-05:00
1699552077234,1699552077234,{},42.5,2023-11-09 12:47:57.234000-05:00
1699552075754,1699552075754,{},43.0,2023-11-09 12:47:55.754000-05:00
1699552074224,1699552074224,{},43.25,2023-11-09 12:47:54.224000-05:00
1699552072726,1699552072726,{},43.0,2023-11-09 12:47:52.726000-05:00
1699552071969,1699552071969,{},43.25,2023-11-09 12:47:51.969000-05:00
1699552069711,1699552069711,{},43.25,2023-11-09 12:47:49.711000-05:00
1699552068245,1699552068245,{},43.5,2023-11-09 12:47:48.245000-05:00
1699552066739,1699552066739,{},43.5,2023-11-09 12:47:46.739000-05:00
1699552065199,1699552065199,{},44.0,2023-11-09 12:47:45.199000-05:00
1699552063711,1699552063711,{},43.75,2023-11-09 12:47:43.711000-05:00
1699552062195,1699552062195,{},43.5,2023-11-09 12:47:42.195000-05:00
1699552060693,1699552060693,{},44.25,2023-11-09 12:47:40.693000-05:00
1699552059205,1699552059205,{},44.5,2023-11-09 12:47:39.205000-05:00
1699552057722,1699552057722,{},43.5,2023-11-09 12:47:37.722000-05:00
1699552056191,1699552056191,{},44.5,2023-11-09 12:47:36.191000-05:00
1699552054680,1699552054680,{},44.5,2023-11-09 12:47:34.680000-05:00
1699552053176,1699552053176,{},44.0,2023-11-09 12:47:33.176000-05:00
1699552051698,1699552051698,{},44.75,2023-11-09 12:47:31.698000-05:00
1699552050179,1699552050179,{},44.75,2023-11-09 12:47:30.179000-05:00
1699552048691,1699552048691,{},45.0,2023-11-09 12:47:28.691000-05:00
1699552047176,1699552047176,{},44.5,2023-11-09 12:47:27.176000-05:00
1699552045669,1699552045669,{},45.0,2023-11-09 12:47:25.669000-05:00
1699552044186,1699552044186,{},45.5,2023-11-09 12:47:24.186000-05:00
1699552042674,1699552042674,{},45.75,2023-11-09 12:47:22.674000-05:00
1699552041145,1699552041145,{},45.25,2023-11-09 12:47:21.145000-05:00
1699552039639,1699552039639,{},45.5,2023-11-09 12:47:19.639000-05:00
1699552038229,1699552038229,{},46.25,2023-11-09 12:47:18.229000-05:00
1699552036639,1699552036639,{},46.5,2023-11-09 12:47:16.639000-05:00
1699552035130,1699552035130,{},46.0,2023-11-09 12:47:15.130000-05:00
1699552033659,1699552033659,{},46.25,2023-11-09 12:47:13.659000-05:00
1699552032129,1699552032129,{},46.75,2023-11-09 12:47:12.129000-05:00
1699552030643,1699552030643,{},46.0,2023-11-09 12:47:10.643000-05:00
1699552029121,1699552029121,{},46.5,2023-11-09 12:47:09.121000-05:00
1699552027606,1699552027606,{},47.5,2023-11-09 12:47:07.606000-05:00
1699552026127,1699552026127,{},47.0,2023-11-09 12:47:06.127000-05:00
1699552024662,1699552024662,{},47.5,2023-11-09 12:47:04.662000-05:00
1699552023146,1699552023146,{},46.75,2023-11-09 12:47:03.146000-05:00
1699552021606,1699552021606,{},47.25,2023-11-09 12:47:01.606000-05:00
1699552020090,1699552020090,{},48.0,2023-11-09 12:47:00.090000-05:00
1699552018625,1699552018625,{},47.5,2023-11-09 12:46:58.625000-05:00
1699552017085,1699552017085,{},48.0,2023-11-09 12:46:57.085000-05:00
1699552015640,1699552015640,{},48.0,2023-11-09 12:46:55.640000-05:00
1699552014085,1699552014085,{},47.75,2023-11-09 12:46:54.085000-05:00
1699552012579,1699552012579,{},48.75,2023-11-09 12:46:52.579000-05:00
1699552011084,1699552011084,{},48.75,2023-11-09 12:46:51.084000-05:00
1699552009583,1699552009583,{},48.75,2023-11-09 12:46:49.583000-05:00
1699552008088,1699552008088,{},48.25,2023-11-09 12:46:48.088000-05:00
1699552006635,1699552006635,{},49.25,2023-11-09 12:46:46.635000-05:00
1699552005235,1699552005235,{},49.0,2023-11-09 12:46:45.235000-05:00
1699552003555,1699552003555,{},49.0,2023-11-09 12:46:43.555000-05:00
1699552002064,1699552002064,{},49.5,2023-11-09 12:46:42.064000-05:00
1699552000599,1699552000599,{},50.0,2023-11-09 12:46:40.599000-05:00
1699551999061,1699551999061,{},49.75,2023-11-09 12:46:39.061000-05:00
1699551997543,1699551997543,{},50.0,2023-11-09 12:46:37.543000-05:00
1699551996035,1699551996035,{},50.0,2023-11-09 12:46:36.035000-05:00
1699551994535,1699551994535,{},50.5,2023-11-09 12:46:34.535000-05:00
1699551993099,1699551993099,{},51.0,2023-11-09 12:46:33.099000-05:00
1699551991609,1699551991609,{},50.75,2023-11-09 12:46:31.609000-05:00
1699551990134,1699551990134,{},51.0,2023-11-09 12:46:30.134000-05:00
1699551988540,1699551988540,{},51.25,2023-11-09 12:46:28.540000-05:00
1699551987049,1699551987049,{},51.0,2023-11-09 12:46:27.049000-05:00
1699551985779,1699551985779,{},51.5,2023-11-09 12:46:25.779000-05:00
1699551984000,1699551984000,{},51.75,2023-11-09 12:46:24-05:00
1699551982549,1699551982549,{},51.75,2023-11-09 12:46:22.549000-05:00
1699551981019,1699551981019,{},52.0,2023-11-09 12:46:21.019000-05:00
1699551979519,1699551979519,{},52.25,2023-11-09 12:46:19.519000-05:00
1699551978021,1699551978021,{},52.0,2023-11-09 12:46:18.021000-05:00
1699551976523,1699551976523,{},52.5,2023-11-09 12:46:16.523000-05:00
1699551974999,1699551974999,{},52.5,2023-11-09 12:46:14.999000-05:00
1699551973498,1699551973498,{},53.0,2023-11-09 12:46:13.498000-05:00
1699551971973,1699551971973,{},53.25,2023-11-09 12:46:11.973000-05:00
1699551970498,1699551970498,{},53.5,2023-11-09 12:46:10.498000-05:00
1699551969193,1699551969193,{},53.25,2023-11-09 12:46:09.193000-05:00
1699551967637,1699551967637,{},53.75,2023-11-09 12:46:07.637000-05:00
1699551966035,1699551966035,{},54.25,2023-11-09 12:46:06.035000-05:00
1699551964495,1699551964495,{},54.25,2023-11-09 12:46:04.495000-05:00
1699551962966,1699551962966,{},54.25,2023-11-09 12:46:02.966000-05:00
1699551961491,1699551961491,{},54.25,2023-11-09 12:46:01.491000-05:00
1699551955628,1699551955628,{},55.5,2023-11-09 12:45:55.628000-05:00
1699551954033,1699551954033,{},55.0,2023-11-09 12:45:54.033000-05:00
1699551952499,1699551952499,{},55.25,2023-11-09 12:45:52.499000-05:00
1699551950992,1699551950992,{},55.75,2023-11-09 12:45:50.992000-05:00
1699551949457,1699551949457,{},56.0,2023-11-09 12:45:49.457000-05:00
1699551948102,1699551948102,{},56.25,2023-11-09 12:45:48.102000-05:00
1699551946428,1699551946428,{},56.25,2023-11-09 12:45:46.428000-05:00
1699551944937,1699551944937,{},57.0,2023-11-09 12:45:44.937000-05:00
1699551943502,1699551943502,{},56.75,2023-11-09 12:45:43.502000-05:00
1699551941896,1699551941896,{},57.25,2023-11-09 12:45:41.896000-05:00
1699551940391,1699551940391,{},57.5,2023-11-09 12:45:40.391000-05:00
1699551938905,1699551938905,{},57.5,2023-11-09 12:45:38.905000-05:00
1699551937427,1699551937427,{},58.0,2023-11-09 12:45:37.427000-05:00
1699551935911,1699551935911,{},58.0,2023-11-09 12:45:35.911000-05:00
1699551934462,1699551934462,{},58.25,2023-11-09 12:45:34.462000-05:00
1699551932911,1699551932911,{},58.0,2023-11-09 12:45:32.911000-05:00
1699551931394,1699551931394,{},59.0,2023-11-09 12:45:31.394000-05:00
1699551929870,1699551929870,{},58.5,2023-11-09 12:45:29.870000-05:00
1699551928383,1699551928383,{},59.25,2023-11-09 12:45:28.383000-05:00
1699551926863,1699551926863,{},59.5,2023-11-09 12:45:26.863000-05:00
1699551925379,1699551925379,{},59.75,2023-11-09 12:45:25.379000-05:00
1699551923858,1699551923858,{},59.75,2023-11-09 12:45:23.858000-05:00
1699551922368,1699551922368,{},60.25,2023-11-09 12:45:22.368000-05:00
1699551920858,1699551920858,{},60.5,2023-11-09 12:45:20.858000-05:00
1699551919357,1699551919357,{},60.75,2023-11-09 12:45:19.357000-05:00
1699551917848,1699551917848,{},61.25,2023-11-09 12:45:17.848000-05:00
1699551916371,1699551916371,{},61.0,2023-11-09 12:45:16.371000-05:00
1699551915459,1699551915459,{},64.5,2023-11-09 12:45:15.459000-05:00
1699551896855,1699551896855,{},64.5,2023-11-09 12:44:56.855000-05:00
1699551895493,1699551895493,{},65.0,2023-11-09 12:44:55.493000-05:00
1699551893803,1699551893803,{},65.5,2023-11-09 12:44:53.803000-05:00
1699551892312,1699551892312,{},65.5,2023-11-09 12:44:52.312000-05:00
1699551890823,1699551890823,{},65.75,2023-11-09 12:44:50.823000-05:00
1699551889328,1699551889328,{},66.5,2023-11-09 12:44:49.328000-05:00
1699551887813,1699551887813,{},66.25,2023-11-09 12:44:47.813000-05:00
1699551886368,1699551886368,{},66.5,2023-11-09 12:44:46.368000-05:00
1699551884782,1699551884782,{},67.25,2023-11-09 12:44:44.782000-05:00
1699551883352,1699551883352,{},67.5,2023-11-09 12:44:43.352000-05:00
1699551881783,1699551881783,{},68.25,2023-11-09 12:44:41.783000-05:00
1699551880282,1699551880282,{},67.75,2023-11-09 12:44:40.282000-05:00
1699551878773,1699551878773,{},68.75,2023-11-09 12:44:38.773000-05:00
1699551877271,1699551877271,{},68.25,2023-11-09 12:44:37.271000-05:00
1699551875766,1699551875766,{},69.25,2023-11-09 12:44:35.766000-05:00
1699551874338,1699551874338,{},69.25,2023-11-09 12:44:34.338000-05:00
1699551872773,1699551872773,{},69.75,2023-11-09 12:44:32.773000-05:00
1699551871303,1699551871303,{},70.0,2023-11-09 12:44:31.303000-05:00
1699551869743,1699551869743,{},70.25,2023-11-09 12:44:29.743000-05:00
1699551868248,1699551868248,{},70.75,2023-11-09 12:44:28.248000-05:00
1699551866746,1699551866746,{},71.25,2023-11-09 12:44:26.746000-05:00
1699551865276,1699551865276,{},71.5,2023-11-09 12:44:25.276000-05:00
1699551863754,1699551863754,{},71.5,2023-11-09 12:44:23.754000-05:00
1699551862103,1699551862103,{},72.25,2023-11-09 12:44:22.103000-05:00
1699551859628,1699551859628,{},72.75,2023-11-09 12:44:19.628000-05:00
1699551856619,1699551856619,{},73.5,2023-11-09 12:44:16.619000-05:00
1699551854793,1699551854793,{},73.75,2023-11-09 12:44:14.793000-05:00
1699551853372,1699551853372,{},74.25,2023-11-09 12:44:13.372000-05:00
1699551851713,1699551851713,{},74.75,2023-11-09 12:44:11.713000-05:00
1699551850317,1699551850317,{},74.5,2023-11-09 12:44:10.317000-05:00
1699551848772,1699551848772,{},75.25,2023-11-09 12:44:08.772000-05:00
1699551847243,1699551847243,{},75.5,2023-11-09 12:44:07.243000-05:00
1699551845736,1699551845736,{},76.25,2023-11-09 12:44:05.736000-05:00
1699551844285,1699551844285,{},76.5,2023-11-09 12:44:04.285000-05:00
1699551842702,1699551842702,{},76.5,2023-11-09 12:44:02.702000-05:00
1699551841259,1699551841259,{},76.75,2023-11-09 12:44:01.259000-05:00
1699551839864,1699551839864,{},77.25,2023-11-09 12:43:59.864000-05:00
1699551838213,1699551838213,{},78.25,2023-11-09 12:43:58.213000-05:00
1699551836722,1699551836722,{},78.5,2023-11-09 12:43:56.722000-05:00
1699551835188,1699551835188,{},79.0,2023-11-09 12:43:55.188000-05:00
1699551833663,1699551833663,{},79.5,2023-11-09 12:43:53.663000-05:00
1699551832180,1699551832180,{},80.0,2023-11-09 12:43:52.180000-05:00
1699551830138,1699551830138,{},80.5,2023-11-09 12:43:50.138000-05:00
1699551826158,1699551826158,{},81.5,2023-11-09 12:43:46.158000-05:00
1699551824703,1699551824703,{},81.75,2023-11-09 12:43:44.703000-05:00
1699551823153,1699551823153,{},82.25,2023-11-09 12:43:43.153000-05:00
1699551821667,1699551821667,{},82.5,2023-11-09 12:43:41.667000-05:00
1699551820119,1699551820119,{},82.75,2023-11-09 12:43:40.119000-05:00
1699551817142,1699551817142,{},84.25,2023-11-09 12:43:37.142000-05:00
1699551816620,1699551816620,{},84.5,2023-11-09 12:43:36.620000-05:00
1699551812861,1699551812861,{},85.25,2023-11-09 12:43:32.861000-05:00
1699551811162,1699551811162,{},85.75,2023-11-09 12:43:31.162000-05:00
1699551809702,1699551809702,{},86.75,2023-11-09 12:43:29.702000-05:00
1699551808192,1699551808192,{},87.5,2023-11-09 12:43:28.192000-05:00
1699551806611,1699551806611,{},87.5,2023-11-09 12:43:26.611000-05:00
1699551805115,1699551805115,{},88.0,2023-11-09 12:43:25.115000-05:00
1699551803616,1699551803616,{},88.5,2023-11-09 12:43:23.616000-05:00
1699551802081,1699551802081,{},89.75,2023-11-09 12:43:22.081000-05:00
1699551799092,1699551799092,{},90.75,2023-11-09 12:43:19.092000-05:00
1699551797611,1699551797611,{},91.75,2023-11-09 12:43:17.611000-05:00
1699551796138,1699551796138,{},92.5,2023-11-09 12:43:16.138000-05:00
1699551794607,1699551794607,{},92.75,2023-11-09 12:43:14.607000-05:00
1699551793112,1699551793112,{},95.75,2023-11-09 12:43:13.112000-05:00
1699551788577,1699551788577,{},97.0,2023-11-09 12:43:08.577000-05:00
1699551787153,1699551787153,{},98.25,2023-11-09 12:43:07.153000-05:00
1699551786307,1699551786307,{},101.0,2023-11-09 12:43:06.307000-05:00
1699551782863,1699551782863,{},103.0,2023-11-09 12:43:02.863000-05:00
1699324821974,1699324821974,{},21.5,2023-11-06 21:40:21.974000-05:00
1699324820496,1699324820496,{},22.0,2023-11-06 21:40:20.496000-05:00
1699324818954,1699324818954,{},21.5,2023-11-06 21:40:18.954000-05:00
1699324817443,1699324817443,{},22.0,2023-11-06 21:40:17.443000-05:00
1699324815959,1699324815959,{},21.75,2023-11-06 21:40:15.959000-05:00
1699324814438,1699324814438,{},22.25,2023-11-06 21:40:14.438000-05:00
1699324812938,1699324812938,{},22.0,2023-11-06 21:40:12.938000-05:00
1699324811458,1699324811458,{},22.25,2023-11-06 21:40:11.458000-05:00
1699324809939,1699324809939,{},22.0,2023-11-06 21:40:09.939000-05:00
1699324808441,1699324808441,{},22.25,2023-11-06 21:40:08.441000-05:00
1699324806935,1699324806935,{},22.0,2023-11-06 21:40:06.935000-05:00
1699324805419,1699324805419,{},21.75,2023-11-06 21:40:05.419000-05:00
1699324803930,1699324803930,{},22.0,2023-11-06 21:40:03.930000-05:00
1699324802441,1699324802441,{},22.25,2023-11-06 21:40:02.441000-05:00
1699324800940,1699324800940,{},22.5,2023-11-06 21:40:00.940000-05:00
1699324799399,1699324799399,{},21.75,2023-11-06 21:39:59.399000-05:00
1699324797899,1699324797899,{},22.5,2023-11-06 21:39:57.899000-05:00
1699324796405,1699324796405,{},21.75,2023-11-06 21:39:56.405000-05:00
1699324794888,1699324794888,{},21.75,2023-11-06 21:39:54.888000-05:00
1699324793416,1699324793416,{},22.25,2023-11-06 21:39:53.416000-05:00
1699324791887,1699324791887,{},21.75,2023-11-06 21:39:51.887000-05:00
1699324790389,1699324790389,{},22.0,2023-11-06 21:39:50.389000-05:00
1699324788878,1699324788878,{},22.5,2023-11-06 21:39:48.878000-05:00
1699324787369,1699324787369,{},22.0,2023-11-06 21:39:47.369000-05:00
1699324785878,1699324785878,{},22.25,2023-11-06 21:39:45.878000-05:00
1699324784369,1699324784369,{},22.25,2023-11-06 21:39:44.369000-05:00
1699324782858,1699324782858,{},22.25,2023-11-06 21:39:42.858000-05:00
1699324781357,1699324781357,{},22.25,2023-11-06 21:39:41.357000-05:00
1699324779853,1699324779853,{},22.0,2023-11-06 21:39:39.853000-05:00
1699324778348,1699324778348,{},22.25,2023-11-06 21:39:38.348000-05:00
1699324776847,1699324776847,{},22.5,2023-11-06 21:39:36.847000-05:00
1699324775348,1699324775348,{},22.5,2023-11-06 21:39:35.348000-05:00
1699324773850,1699324773850,{},22.0,2023-11-06 21:39:33.850000-05:00
1699324772340,1699324772340,{},22.5,2023-11-06 21:39:32.340000-05:00
1699324770841,1699324770841,{},23.0,2023-11-06 21:39:30.841000-05:00
1699324769345,1699324769345,{},22.75,2023-11-06 21:39:29.345000-05:00
1699324767816,1699324767816,{},22.5,2023-11-06 21:39:27.816000-05:00
1699324766353,1699324766353,{},22.5,2023-11-06 21:39:26.353000-05:00
1699324764813,1699324764813,{},22.5,2023-11-06 21:39:24.813000-05:00
1699324763313,1699324763313,{},22.5,2023-11-06 21:39:23.313000-05:00
1699324761803,1699324761803,{},22.25,2023-11-06 21:39:21.803000-05:00
1699324760296,1699324760296,{},22.5,2023-11-06 21:39:20.296000-05:00
1699324758795,1699324758795,{},22.5,2023-11-06 21:39:18.795000-05:00
1699324757294,1699324757294,{},22.25,2023-11-06 21:39:17.294000-05:00
1699324755793,1699324755793,{},22.25,2023-11-06 21:39:15.793000-05:00
1699324754288,1699324754288,{},22.75,2023-11-06 21:39:14.288000-05:00
1699324752779,1699324752779,{},22.5,2023-11-06 21:39:12.779000-05:00
1699324751273,1699324751273,{},23.0,2023-11-06 21:39:11.273000-05:00
1699324749923,1699324749923,{},23.0,2023-11-06 21:39:09.923000-05:00
1699324748269,1699324748269,{},22.75,2023-11-06 21:39:08.269000-05:00
1699324746771,1699324746771,{},22.75,2023-11-06 21:39:06.771000-05:00
1699324745262,1699324745262,{},22.5,2023-11-06 21:39:05.262000-05:00
1699324743760,1699324743760,{},23.0,2023-11-06 21:39:03.760000-05:00
1699324742258,1699324742258,{},22.75,2023-11-06 21:39:02.258000-05:00
1699324740774,1699324740774,{},22.75,2023-11-06 21:39:00.774000-05:00
1699324739274,1699324739274,{},23.0,2023-11-06 21:38:59.274000-05:00
1699324737754,1699324737754,{},22.25,2023-11-06 21:38:57.754000-05:00
1699324736243,1699324736243,{},22.75,2023-11-06 21:38:56.243000-05:00
1699324734738,1699324734738,{},22.5,2023-11-06 21:38:54.738000-05:00
1699324733243,1699324733243,{},22.25,2023-11-06 21:38:53.243000-05:00
1699324731770,1699324731770,{},23.0,2023-11-06 21:38:51.770000-05:00
1699324730223,1699324730223,{},22.75,2023-11-06 21:38:50.223000-05:00
1699324728725,1699324728725,{},23.0,2023-11-06 21:38:48.725000-05:00
1699324727215,1699324727215,{},22.75,2023-11-06 21:38:47.215000-05:00
1699324725737,1699324725737,{},22.5,2023-11-06 21:38:45.737000-05:00
1699324724261,1699324724261,{},23.0,2023-11-06 21:38:44.261000-05:00
1699324722700,1699324722700,{},22.75,2023-11-06 21:38:42.700000-05:00
1699324721225,1699324721225,{},22.75,2023-11-06 21:38:41.225000-05:00
1699324719698,1699324719698,{},23.0,2023-11-06 21:38:39.698000-05:00
1699324718207,1699324718207,{},23.0,2023-11-06 21:38:38.207000-05:00
1699324717076,1699324717076,{},23.0,2023-11-06 21:38:37.076000-05:00
1699324715195,1699324715195,{},23.0,2023-11-06 21:38:35.195000-05:00
1699324713684,1699324713684,{},22.75,2023-11-06 21:38:33.684000-05:00
1699324712180,1699324712180,{},23.0,2023-11-06 21:38:32.180000-05:00
1699324710701,1699324710701,{},23.25,2023-11-06 21:38:30.701000-05:00
1699324709178,1699324709178,{},23.0,2023-11-06 21:38:29.178000-05:00
1699324707664,1699324707664,{},23.25,2023-11-06 21:38:27.664000-05:00
1699324706214,1699324706214,{},22.75,2023-11-06 21:38:26.214000-05:00
1699324704665,1699324704665,{},22.75,2023-11-06 21:38:24.665000-05:00
1699324703158,1699324703158,{},23.0,2023-11-06 21:38:23.158000-05:00
1699324701650,1699324701650,{},23.25,2023-11-06 21:38:21.650000-05:00
1699324700151,1699324700151,{},22.75,2023-11-06 21:38:20.151000-05:00
1699324698658,1699324698658,{},23.5,2023-11-06 21:38:18.658000-05:00
1699324697154,1699324697154,{},23.25,2023-11-06 21:38:17.154000-05:00
1699324695640,1699324695640,{},23.25,2023-11-06 21:38:15.640000-05:00
1699324694131,1699324694131,{},23.25,2023-11-06 21:38:14.131000-05:00
1699324692658,1699324692658,{},23.5,2023-11-06 21:38:12.658000-05:00
1699324691125,1699324691125,{},23.25,2023-11-06 21:38:11.125000-05:00
1699324689623,1699324689623,{},22.5,2023-11-06 21:38:09.623000-05:00
1699324688114,1699324688114,{},23.5,2023-11-06 21:38:08.114000-05:00
1699324686667,1699324686667,{},23.25,2023-11-06 21:38:06.667000-05:00
1699324685113,1699324685113,{},23.25,2023-11-06 21:38:05.113000-05:00
1699324683602,1699324683602,{},22.75,2023-11-06 21:38:03.602000-05:00
1699324682109,1699324682109,{},23.5,2023-11-06 21:38:02.109000-05:00
1699324680601,1699324680601,{},23.25,2023-11-06 21:38:00.601000-05:00
1699324679101,1699324679101,{},23.5,2023-11-06 21:37:59.101000-05:00
1699324677598,1699324677598,{},23.5,2023-11-06 21:37:57.598000-05:00
1699324676089,1699324676089,{},23.25,2023-11-06 21:37:56.089000-05:00
1699324674602,1699324674602,{},23.0,2023-11-06 21:37:54.602000-05:00
1699324673093,1699324673093,{},23.75,2023-11-06 21:37:53.093000-05:00
1699324671566,1699324671566,{},23.5,2023-11-06 21:37:51.566000-05:00
1699324670070,1699324670070,{},23.25,2023-11-06 21:37:50.070000-05:00
1699324668578,1699324668578,{},23.75,2023-11-06 21:37:48.578000-05:00
1699324667128,1699324667128,{},23.75,2023-11-06 21:37:47.128000-05:00
1699324665763,1699324665763,{},23.5,2023-11-06 21:37:45.763000-05:00
1699324664058,1699324664058,{},23.25,2023-11-06 21:37:44.058000-05:00
1699324662553,1699324662553,{},23.75,2023-11-06 21:37:42.553000-05:00
1699324661050,1699324661050,{},22.75,2023-11-06 21:37:41.050000-05:00
1699324659574,1699324659574,{},23.75,2023-11-06 21:37:39.574000-05:00
1699324658055,1699324658055,{},23.75,2023-11-06 21:37:38.055000-05:00
1699324656544,1699324656544,{},23.5,2023-11-06 21:37:36.544000-05:00
1699324655030,1699324655030,{},23.75,2023-11-06 21:37:35.030000-05:00
1699324653519,1699324653519,{},23.5,2023-11-06 21:37:33.519000-05:00
1699324652028,1699324652028,{},23.5,2023-11-06 21:37:32.028000-05:00
1699324650524,1699324650524,{},24.0,2023-11-06 21:37:30.524000-05:00
1699324649020,1699324649020,{},24.0,2023-11-06 21:37:29.020000-05:00
1699324647509,1699324647509,{},23.75,2023-11-06 21:37:27.509000-05:00
1699324646003,1699324646003,{},23.5,2023-11-06 21:37:26.003000-05:00
1699324644523,1699324644523,{},24.0,2023-11-06 21:37:24.523000-05:00
1699324642993,1699324642993,{},23.75,2023-11-06 21:37:22.993000-05:00
1699324641493,1699324641493,{},24.0,2023-11-06 21:37:21.493000-05:00
1699324639994,1699324639994,{},24.25,2023-11-06 21:37:19.994000-05:00
1699324638493,1699324638493,{},24.25,2023-11-06 21:37:18.493000-05:00
1699324636994,1699324636994,{},24.0,2023-11-06 21:37:16.994000-05:00
1699324635479,1699324635479,{},24.25,2023-11-06 21:37:15.479000-05:00
1699324633978,1699324633978,{},23.75,2023-11-06 21:37:13.978000-05:00
1699324632540,1699324632540,{},24.0,2023-11-06 21:37:12.540000-05:00
1699324630964,1699324630964,{},24.0,2023-11-06 21:37:10.964000-05:00
1699324629464,1699324629464,{},24.25,2023-11-06 21:37:09.464000-05:00
1699324627963,1699324627963,{},23.5,2023-11-06 21:37:07.963000-05:00
1699324626497,1699324626497,{},24.0,2023-11-06 21:37:06.497000-05:00
1699324624970,1699324624970,{},24.0,2023-11-06 21:37:04.970000-05:00
1699324623446,1699324623446,{},24.5,2023-11-06 21:37:03.446000-05:00
1699324621976,1699324621976,{},24.0,2023-11-06 21:37:01.976000-05:00
1699324620464,1699324620464,{},24.25,2023-11-06 21:37:00.464000-05:00
1699324618948,1699324618948,{},24.5,2023-11-06 21:36:58.948000-05:00
1699324617438,1699324617438,{},24.5,2023-11-06 21:36:57.438000-05:00
1699324615952,1699324615952,{},24.0,2023-11-06 21:36:55.952000-05:00
1699324614435,1699324614435,{},24.5,2023-11-06 21:36:54.435000-05:00
1699324612924,1699324612924,{},24.25,2023-11-06 21:36:52.924000-05:00
1699324611422,1699324611422,{},24.25,2023-11-06 21:36:51.422000-05:00
1699324609929,1699324609929,{},24.5,2023-11-06 21:36:49.929000-05:00
1699324608418,1699324608418,{},24.25,2023-11-06 21:36:48.418000-05:00
1699324606909,1699324606909,{},24.5,2023-11-06 21:36:46.909000-05:00
1699324605403,1699324605403,{},24.25,2023-11-06 21:36:45.403000-05:00
1699324603909,1699324603909,{},24.25,2023-11-06 21:36:43.909000-05:00
1699324602394,1699324602394,{},24.5,2023-11-06 21:36:42.394000-05:00
1699324600932,1699324600932,{},24.75,2023-11-06 21:36:40.932000-05:00
1699324599401,1699324599401,{},24.75,2023-11-06 21:36:39.401000-05:00
1699324597892,1699324597892,{},25.0,2023-11-06 21:36:37.892000-05:00
1699324596397,1699324596397,{},24.75,2023-11-06 21:36:36.397000-05:00
1699324594875,1699324594875,{},24.75,2023-11-06 21:36:34.875000-05:00
1699324593370,1699324593370,{},25.0,2023-11-06 21:36:33.370000-05:00
1699324591882,1699324591882,{},24.5,2023-11-06 21:36:31.882000-05:00
1699324590365,1699324590365,{},24.25,2023-11-06 21:36:30.365000-05:00
1699324588905,1699324588905,{},25.0,2023-11-06 21:36:28.905000-05:00
1699324587419,1699324587419,{},24.5,2023-11-06 21:36:27.419000-05:00
1699324585863,1699324585863,{},25.0,2023-11-06 21:36:25.863000-05:00
1699324584354,1699324584354,{},24.5,2023-11-06 21:36:24.354000-05:00
1699324582847,1699324582847,{},25.0,2023-11-06 21:36:22.847000-05:00
1699324581354,1699324581354,{},25.0,2023-11-06 21:36:21.354000-05:00
1699324579843,1699324579843,{},25.0,2023-11-06 21:36:19.843000-05:00
1699324578373,1699324578373,{},25.0,2023-11-06 21:36:18.373000-05:00
1699324576830,1699324576830,{},25.25,2023-11-06 21:36:16.830000-05:00
1699324575341,1699324575341,{},25.0,2023-11-06 21:36:15.341000-05:00
1699324573822,1699324573822,{},24.75,2023-11-06 21:36:13.822000-05:00
1699324572324,1699324572324,{},25.0,2023-11-06 21:36:12.324000-05:00
1699324570814,1699324570814,{},24.75,2023-11-06 21:36:10.814000-05:00
1699324569355,1699324569355,{},24.75,2023-11-06 21:36:09.355000-05:00
1699324567822,1699324567822,{},25.5,2023-11-06 21:36:07.822000-05:00
1699324566303,1699324566303,{},25.25,2023-11-06 21:36:06.303000-05:00
1699324564802,1699324564802,{},25.25,2023-11-06 21:36:04.802000-05:00
1699324563332,1699324563332,{},25.5,2023-11-06 21:36:03.332000-05:00
1699324561799,1699324561799,{},25.5,2023-11-06 21:36:01.799000-05:00
1699324560290,1699324560290,{},25.5,2023-11-06 21:36:00.290000-05:00
1699324558788,1699324558788,{},25.25,2023-11-06 21:35:58.788000-05:00
1699324557291,1699324557291,{},25.75,2023-11-06 21:35:57.291000-05:00
1699324555782,1699324555782,{},25.5,2023-11-06 21:35:55.782000-05:00
1699324554298,1699324554298,{},25.25,2023-11-06 21:35:54.298000-05:00
1699324552771,1699324552771,{},26.0,2023-11-06 21:35:52.771000-05:00
1699324551291,1699324551291,{},25.25,2023-11-06 21:35:51.291000-05:00
1699324549764,1699324549764,{},25.75,2023-11-06 21:35:49.764000-05:00
1699324548259,1699324548259,{},25.75,2023-11-06 21:35:48.259000-05:00
1699324546747,1699324546747,{},25.5,2023-11-06 21:35:46.747000-05:00
1699324545257,1699324545257,{},25.75,2023-11-06 21:35:45.257000-05:00
1699324543747,1699324543747,{},26.0,2023-11-06 21:35:43.747000-05:00
1699324542244,1699324542244,{},26.0,2023-11-06 21:35:42.244000-05:00
1699324540743,1699324540743,{},26.0,2023-11-06 21:35:40.743000-05:00
1699324539248,1699324539248,{},26.5,2023-11-06 21:35:39.248000-05:00
1699324537743,1699324537743,{},26.0,2023-11-06 21:35:37.743000-05:00
1699324536226,1699324536226,{},26.0,2023-11-06 21:35:36.226000-05:00
1699324534719,1699324534719,{},26.0,2023-11-06 21:35:34.719000-05:00
1699324533240,1699324533240,{},26.25,2023-11-06 21:35:33.240000-05:00
1699324531714,1699324531714,{},26.25,2023-11-06 21:35:31.714000-05:00
1699324530225,1699324530225,{},25.75,2023-11-06 21:35:30.225000-05:00
1699324528714,1699324528714,{},26.5,2023-11-06 21:35:28.714000-05:00
1699324527204,1699324527204,{},26.5,2023-11-06 21:35:27.204000-05:00
1699324525704,1699324525704,{},26.5,2023-11-06 21:35:25.704000-05:00
1699324524194,1699324524194,{},26.5,2023-11-06 21:35:24.194000-05:00
1699324522752,1699324522752,{},26.5,2023-11-06 21:35:22.752000-05:00
1699324521182,1699324521182,{},26.75,2023-11-06 21:35:21.182000-05:00
1699324519685,1699324519685,{},26.25,2023-11-06 21:35:19.685000-05:00
1699324518180,1699324518180,{},26.75,2023-11-06 21:35:18.180000-05:00
1699324516679,1699324516679,{},26.25,2023-11-06 21:35:16.679000-05:00
1699324515182,1699324515182,{},26.25,2023-11-06 21:35:15.182000-05:00
1699324513674,1699324513674,{},27.0,2023-11-06 21:35:13.674000-05:00
1699324512168,1699324512168,{},26.75,2023-11-06 21:35:12.168000-05:00
1699324510677,1699324510677,{},27.0,2023-11-06 21:35:10.677000-05:00
1699324509177,1699324509177,{},27.0,2023-11-06 21:35:09.177000-05:00
1699324507658,1699324507658,{},26.75,2023-11-06 21:35:07.658000-05:00
1699324506174,1699324506174,{},27.0,2023-11-06 21:35:06.174000-05:00
1699324504730,1699324504730,{},27.0,2023-11-06 21:35:04.730000-05:00
1699324503139,1699324503139,{},26.75,2023-11-06 21:35:03.139000-05:00
1699324501640,1699324501640,{},26.75,2023-11-06 21:35:01.640000-05:00
1699324500196,1699324500196,{},27.0,2023-11-06 21:35:00.196000-05:00
1699324498637,1699324498637,{},27.25,2023-11-06 21:34:58.637000-05:00
1699324497134,1699324497134,{},27.0,2023-11-06 21:34:57.134000-05:00
1699324495629,1699324495629,{},27.25,2023-11-06 21:34:55.629000-05:00
1699324494148,1699324494148,{},27.25,2023-11-06 21:34:54.148000-05:00
1699324492628,1699324492628,{},27.25,2023-11-06 21:34:52.628000-05:00
1699324491113,1699324491113,{},27.5,2023-11-06 21:34:51.113000-05:00
1699324489614,1699324489614,{},27.0,2023-11-06 21:34:49.614000-05:00
1699324488098,1699324488098,{},27.25,2023-11-06 21:34:48.098000-05:00
1699324486609,1699324486609,{},27.75,2023-11-06 21:34:46.609000-05:00
1699324485095,1699324485095,{},27.5,2023-11-06 21:34:45.095000-05:00
1699324483593,1699324483593,{},27.75,2023-11-06 21:34:43.593000-05:00
1699324482100,1699324482100,{},27.5,2023-11-06 21:34:42.100000-05:00
1699324480594,1699324480594,{},27.5,2023-11-06 21:34:40.594000-05:00
1699324479097,1699324479097,{},27.5,2023-11-06 21:34:39.097000-05:00
1699324477579,1699324477579,{},28.0,2023-11-06 21:34:37.579000-05:00
1699324476079,1699324476079,{},27.75,2023-11-06 21:34:36.079000-05:00
1699324474583,1699324474583,{},27.25,2023-11-06 21:34:34.583000-05:00
1699324473064,1699324473064,{},28.25,2023-11-06 21:34:33.064000-05:00
1699324471559,1699324471559,{},28.25,2023-11-06 21:34:31.559000-05:00
1699324470080,1699324470080,{},28.25,2023-11-06 21:34:30.080000-05:00
1699324468564,1699324468564,{},28.25,2023-11-06 21:34:28.564000-05:00
1699324467066,1699324467066,{},28.25,2023-11-06 21:34:27.066000-05:00
1699324465559,1699324465559,{},27.75,2023-11-06 21:34:25.559000-05:00
1699324464052,1699324464052,{},28.5,2023-11-06 21:34:24.052000-05:00
1699324462537,1699324462537,{},28.5,2023-11-06 21:34:22.537000-05:00
1699324461057,1699324461057,{},28.5,2023-11-06 21:34:21.057000-05:00
1699324459534,1699324459534,{},28.5,2023-11-06 21:34:19.534000-05:00
1699324458040,1699324458040,{},28.75,2023-11-06 21:34:18.040000-05:00
1699324456532,1699324456532,{},28.25,2023-11-06 21:34:16.532000-05:00
1699324455027,1699324455027,{},28.75,2023-11-06 21:34:15.027000-05:00
1699324453517,1699324453517,{},28.75,2023-11-06 21:34:13.517000-05:00
1699324452014,1699324452014,{},28.75,2023-11-06 21:34:12.014000-05:00
1699324450522,1699324450522,{},28.5,2023-11-06 21:34:10.522000-05:00
1699324449009,1699324449009,{},29.0,2023-11-06 21:34:09.009000-05:00
1699324447508,1699324447508,{},29.25,2023-11-06 21:34:07.508000-05:00
1699324446015,1699324446015,{},29.25,2023-11-06 21:34:06.015000-05:00
1699324444509,1699324444509,{},29.25,2023-11-06 21:34:04.509000-05:00
1699324442999,1699324442999,{},29.25,2023-11-06 21:34:02.999000-05:00
1699324441499,1699324441499,{},29.25,2023-11-06 21:34:01.499000-05:00
1699324439990,1699324439990,{},29.5,2023-11-06 21:33:59.990000-05:00
1699324438502,1699324438502,{},29.5,2023-11-06 21:33:58.502000-05:00
1699324436985,1699324436985,{},29.25,2023-11-06 21:33:56.985000-05:00
1699324435547,1699324435547,{},29.25,2023-11-06 21:33:55.547000-05:00
1699324433980,1699324433980,{},30.25,2023-11-06 21:33:53.980000-05:00
1699324432473,1699324432473,{},29.5,2023-11-06 21:33:52.473000-05:00
1699324430959,1699324430959,{},29.5,2023-11-06 21:33:50.959000-05:00
1699324429503,1699324429503,{},29.75,2023-11-06 21:33:49.503000-05:00
1699324427953,1699324427953,{},30.0,2023-11-06 21:33:47.953000-05:00
1699324426567,1699324426567,{},29.75,2023-11-06 21:33:46.567000-05:00
1699324424953,1699324424953,{},30.0,2023-11-06 21:33:44.953000-05:00
1699324423463,1699324423463,{},30.0,2023-11-06 21:33:43.463000-05:00
1699324421947,1699324421947,{},29.75,2023-11-06 21:33:41.947000-05:00
1699324420440,1699324420440,{},30.0,2023-11-06 21:33:40.440000-05:00
1699324418940,1699324418940,{},30.0,2023-11-06 21:33:38.940000-05:00
1699324417444,1699324417444,{},30.25,2023-11-06 21:33:37.444000-05:00
1699324415923,1699324415923,{},30.25,2023-11-06 21:33:35.923000-05:00
1699324414419,1699324414419,{},30.5,2023-11-06 21:33:34.419000-05:00
1699324412910,1699324412910,{},30.25,2023-11-06 21:33:32.910000-05:00
1699324411418,1699324411418,{},30.75,2023-11-06 21:33:31.418000-05:00
1699324409919,1699324409919,{},30.75,2023-11-06 21:33:29.919000-05:00
1699324408436,1699324408436,{},30.25,2023-11-06 21:33:28.436000-05:00
1699324406909,1699324406909,{},30.5,2023-11-06 21:33:26.909000-05:00
1699324405408,1699324405408,{},31.0,2023-11-06 21:33:25.408000-05:00
1699324403904,1699324403904,{},30.75,2023-11-06 21:33:23.904000-05:00
1699324402397,1699324402397,{},30.75,2023-11-06 21:33:22.397000-05:00
1699324400907,1699324400907,{},30.75,2023-11-06 21:33:20.907000-05:00
1699324399430,1699324399430,{},31.25,2023-11-06 21:33:19.430000-05:00
1699324397886,1699324397886,{},31.75,2023-11-06 21:33:17.886000-05:00
1699324396694,1699324396694,{},31.5,2023-11-06 21:33:16.694000-05:00
1699324394884,1699324394884,{},31.5,2023-11-06 21:33:14.884000-05:00
1699324393377,1699324393377,{},32.0,2023-11-06 21:33:13.377000-05:00
1699324391983,1699324391983,{},31.5,2023-11-06 21:33:11.983000-05:00
1699324390387,1699324390387,{},31.5,2023-11-06 21:33:10.387000-05:00
1699324388889,1699324388889,{},31.25,2023-11-06 21:33:08.889000-05:00
1699324387399,1699324387399,{},31.75,2023-11-06 21:33:07.399000-05:00
1699324385856,1699324385856,{},32.0,2023-11-06 21:33:05.856000-05:00
1699324384353,1699324384353,{},31.75,2023-11-06 21:33:04.353000-05:00
1699324382850,1699324382850,{},31.75,2023-11-06 21:33:02.850000-05:00
1699324381340,1699324381340,{},32.5,2023-11-06 21:33:01.340000-05:00
1699324379842,1699324379842,{},32.75,2023-11-06 21:32:59.842000-05:00
1699324378345,1699324378345,{},32.0,2023-11-06 21:32:58.345000-05:00
1699324376863,1699324376863,{},32.0,2023-11-06 21:32:56.863000-05:00
1699324375338,1699324375338,{},33.0,2023-11-06 21:32:55.338000-05:00
1699324373826,1699324373826,{},33.0,2023-11-06 21:32:53.826000-05:00
1699324372364,1699324372364,{},32.75,2023-11-06 21:32:52.364000-05:00
1699324370858,1699324370858,{},32.5,2023-11-06 21:32:50.858000-05:00
1699324369313,1699324369313,{},33.25,2023-11-06 21:32:49.313000-05:00
1699324367827,1699324367827,{},33.25,2023-11-06 21:32:47.827000-05:00
1699324366363,1699324366363,{},32.75,2023-11-06 21:32:46.363000-05:00
1699324364822,1699324364822,{},33.25,2023-11-06 21:32:44.822000-05:00
1699324363298,1699324363298,{},33.5,2023-11-06 21:32:43.298000-05:00
1699324361798,1699324361798,{},33.5,2023-11-06 21:32:41.798000-05:00
1699324360297,1699324360297,{},33.75,2023-11-06 21:32:40.297000-05:00
1699324358784,1699324358784,{},33.75,2023-11-06 21:32:38.784000-05:00
1699324357323,1699324357323,{},33.5,2023-11-06 21:32:37.323000-05:00
1699324355782,1699324355782,{},33.5,2023-11-06 21:32:35.782000-05:00
1699324354288,1699324354288,{},34.25,2023-11-06 21:32:34.288000-05:00
1699324352793,1699324352793,{},34.25,2023-11-06 21:32:32.793000-05:00
1699324351267,1699324351267,{},34.25,2023-11-06 21:32:31.267000-05:00
1699324349776,1699324349776,{},34.5,2023-11-06 21:32:29.776000-05:00
1699324348264,1699324348264,{},34.5,2023-11-06 21:32:28.264000-05:00
1699324346754,1699324346754,{},34.5,2023-11-06 21:32:26.754000-05:00
1699324345292,1699324345292,{},35.0,2023-11-06 21:32:25.292000-05:00
1699324343768,1699324343768,{},35.0,2023-11-06 21:32:23.768000-05:00
1699324342246,1699324342246,{},34.75,2023-11-06 21:32:22.246000-05:00
1699324340740,1699324340740,{},35.0,2023-11-06 21:32:20.740000-05:00
1699324339237,1699324339237,{},35.5,2023-11-06 21:32:19.237000-05:00
1699324337743,1699324337743,{},35.5,2023-11-06 21:32:17.743000-05:00
1699324336233,1699324336233,{},35.5,2023-11-06 21:32:16.233000-05:00
1699324334752,1699324334752,{},35.25,2023-11-06 21:32:14.752000-05:00
1699324333223,1699324333223,{},35.5,2023-11-06 21:32:13.223000-05:00
1699324331717,1699324331717,{},35.75,2023-11-06 21:32:11.717000-05:00
1699324330220,1699324330220,{},36.0,2023-11-06 21:32:10.220000-05:00
1699324328704,1699324328704,{},36.0,2023-11-06 21:32:08.704000-05:00
1699324327229,1699324327229,{},36.0,2023-11-06 21:32:07.229000-05:00
1699324325712,1699324325712,{},36.0,2023-11-06 21:32:05.712000-05:00
1699324324222,1699324324222,{},36.25,2023-11-06 21:32:04.222000-05:00
1699324322694,1699324322694,{},36.25,2023-11-06 21:32:02.694000-05:00
1699324321185,1699324321185,{},36.5,2023-11-06 21:32:01.185000-05:00
1699324319694,1699324319694,{},36.75,2023-11-06 21:31:59.694000-05:00
1699324318184,1699324318184,{},37.0,2023-11-06 21:31:58.184000-05:00
1699324316689,1699324316689,{},37.0,2023-11-06 21:31:56.689000-05:00
1699324315169,1699324315169,{},37.0,2023-11-06 21:31:55.169000-05:00
1699324313712,1699324313712,{},37.25,2023-11-06 21:31:53.712000-05:00
1699324312167,1699324312167,{},37.5,2023-11-06 21:31:52.167000-05:00
1699324310663,1699324310663,{},37.5,2023-11-06 21:31:50.663000-05:00
1699324309166,1699324309166,{},37.75,2023-11-06 21:31:49.166000-05:00
1699324307686,1699324307686,{},38.0,2023-11-06 21:31:47.686000-05:00
1699324306163,1699324306163,{},38.25,2023-11-06 21:31:46.163000-05:00
1699324304640,1699324304640,{},38.0,2023-11-06 21:31:44.640000-05:00
1699324303149,1699324303149,{},38.25,2023-11-06 21:31:43.149000-05:00
1699324301644,1699324301644,{},38.25,2023-11-06 21:31:41.644000-05:00
1699324300143,1699324300143,{},37.75,2023-11-06 21:31:40.143000-05:00
1699324298638,1699324298638,{},38.5,2023-11-06 21:31:38.638000-05:00
1699324297127,1699324297127,{},38.75,2023-11-06 21:31:37.127000-05:00
1699324295639,1699324295639,{},38.75,2023-11-06 21:31:35.639000-05:00
1699324294180,1699324294180,{},38.75,2023-11-06 21:31:34.180000-05:00
1699324292620,1699324292620,{},39.0,2023-11-06 21:31:32.620000-05:00
1699324291138,1699324291138,{},39.0,2023-11-06 21:31:31.138000-05:00
1699324289621,1699324289621,{},39.0,2023-11-06 21:31:29.621000-05:00
1699324288111,1699324288111,{},39.75,2023-11-06 21:31:28.111000-05:00
1699324286658,1699324286658,{},39.5,2023-11-06 21:31:26.658000-05:00
1699324285089,1699324285089,{},40.0,2023-11-06 21:31:25.089000-05:00
1699324283605,1699324283605,{},39.5,2023-11-06 21:31:23.605000-05:00
1699324282099,1699324282099,{},40.25,2023-11-06 21:31:22.099000-05:00
1699324280617,1699324280617,{},40.5,2023-11-06 21:31:20.617000-05:00
1699324279087,1699324279087,{},40.5,2023-11-06 21:31:19.087000-05:00
1699324277578,1699324277578,{},40.75,2023-11-06 21:31:17.578000-05:00
1699324276094,1699324276094,{},40.75,2023-11-06 21:31:16.094000-05:00
1699324274568,1699324274568,{},41.25,2023-11-06 21:31:14.568000-05:00
1699324273073,1699324273073,{},41.25,2023-11-06 21:31:13.073000-05:00
1699324271573,1699324271573,{},41.5,2023-11-06 21:31:11.573000-05:00
1699324270083,1699324270083,{},41.5,2023-11-06 21:31:10.083000-05:00
1699324268553,1699324268553,{},41.5,2023-11-06 21:31:08.553000-05:00
1699324267064,1699324267064,{},41.5,2023-11-06 21:31:07.064000-05:00
1699324265547,1699324265547,{},41.5,2023-11-06 21:31:05.547000-05:00
1699324264057,1699324264057,{},42.5,2023-11-06 21:31:04.057000-05:00
1699324262556,1699324262556,{},42.5,2023-11-06 21:31:02.556000-05:00
1699324261042,1699324261042,{},42.5,2023-11-06 21:31:01.042000-05:00
1699324259541,1699324259541,{},42.75,2023-11-06 21:30:59.541000-05:00
1699324258019,1699324258019,{},42.5,2023-11-06 21:30:58.019000-05:00
1699324256519,1699324256519,{},43.0,2023-11-06 21:30:56.519000-05:00
1699324255068,1699324255068,{},43.5,2023-11-06 21:30:55.068000-05:00
1699324253518,1699324253518,{},43.5,2023-11-06 21:30:53.518000-05:00
1699324252038,1699324252038,{},43.75,2023-11-06 21:30:52.038000-05:00
1699324250625,1699324250625,{},43.5,2023-11-06 21:30:50.625000-05:00
1699324249002,1699324249002,{},43.75,2023-11-06 21:30:49.002000-05:00
1699324247542,1699324247542,{},44.0,2023-11-06 21:30:47.542000-05:00
1699324246007,1699324246007,{},44.25,2023-11-06 21:30:46.007000-05:00
1699324244502,1699324244502,{},44.25,2023-11-06 21:30:44.502000-05:00
1699324242999,1699324242999,{},44.25,2023-11-06 21:30:42.999000-05:00
1699324241505,1699324241505,{},45.0,2023-11-06 21:30:41.505000-05:00
1699324239997,1699324239997,{},45.0,2023-11-06 21:30:39.997000-05:00
1699324238477,1699324238477,{},45.0,2023-11-06 21:30:38.477000-05:00
1699324237007,1699324237007,{},45.25,2023-11-06 21:30:37.007000-05:00
1699324235477,1699324235477,{},45.5,2023-11-06 21:30:35.477000-05:00
1699324233983,1699324233983,{},46.0,2023-11-06 21:30:33.983000-05:00
1699324232464,1699324232464,{},46.0,2023-11-06 21:30:32.464000-05:00
1699324230957,1699324230957,{},46.5,2023-11-06 21:30:30.957000-05:00
1699324229453,1699324229453,{},46.0,2023-11-06 21:30:29.453000-05:00
1699324227946,1699324227946,{},46.75,2023-11-06 21:30:27.946000-05:00
1699324226446,1699324226446,{},46.75,2023-11-06 21:30:26.446000-05:00
1699324224933,1699324224933,{},47.25,2023-11-06 21:30:24.933000-05:00
1699324223436,1699324223436,{},46.75,2023-11-06 21:30:23.436000-05:00
1699324221941,1699324221941,{},47.75,2023-11-06 21:30:21.941000-05:00
1699324220427,1699324220427,{},47.5,2023-11-06 21:30:20.427000-05:00
1699324218948,1699324218948,{},48.0,2023-11-06 21:30:18.948000-05:00
1699324217427,1699324217427,{},48.25,2023-11-06 21:30:17.427000-05:00
1699324215940,1699324215940,{},48.5,2023-11-06 21:30:15.940000-05:00
1699324214426,1699324214426,{},48.75,2023-11-06 21:30:14.426000-05:00
1699324212909,1699324212909,{},48.75,2023-11-06 21:30:12.909000-05:00
1699324211408,1699324211408,{},49.25,2023-11-06 21:30:11.408000-05:00
1699324209905,1699324209905,{},49.0,2023-11-06 21:30:09.905000-05:00
1699324208412,1699324208412,{},49.75,2023-11-06 21:30:08.412000-05:00
1699324206893,1699324206893,{},49.75,2023-11-06 21:30:06.893000-05:00
1699324205419,1699324205419,{},49.75,2023-11-06 21:30:05.419000-05:00
1699324203888,1699324203888,{},50.25,2023-11-06 21:30:03.888000-05:00
1699324202393,1699324202393,{},50.25,2023-11-06 21:30:02.393000-05:00
1699324200918,1699324200918,{},50.75,2023-11-06 21:30:00.918000-05:00
1699324199378,1699324199378,{},51.0,2023-11-06 21:29:59.378000-05:00
1699324197899,1699324197899,{},51.25,2023-11-06 21:29:57.899000-05:00
1699324196363,1699324196363,{},51.5,2023-11-06 21:29:56.363000-05:00
1699324194896,1699324194896,{},51.75,2023-11-06 21:29:54.896000-05:00
1699324193367,1699324193367,{},52.25,2023-11-06 21:29:53.367000-05:00
1699324191852,1699324191852,{},52.25,2023-11-06 21:29:51.852000-05:00
1699324190366,1699324190366,{},52.5,2023-11-06 21:29:50.366000-05:00
1699324188863,1699324188863,{},52.5,2023-11-06 21:29:48.863000-05:00
1699324187342,1699324187342,{},52.75,2023-11-06 21:29:47.342000-05:00
1699324185881,1699324185881,{},53.0,2023-11-06 21:29:45.881000-05:00
1699324184360,1699324184360,{},53.5,2023-11-06 21:29:44.360000-05:00
1699324182831,1699324182831,{},54.0,2023-11-06 21:29:42.831000-05:00
1699324181329,1699324181329,{},54.25,2023-11-06 21:29:41.329000-05:00
1699324179815,1699324179815,{},54.5,2023-11-06 21:29:39.815000-05:00
1699324178323,1699324178323,{},54.75,2023-11-06 21:29:38.323000-05:00
1699324176836,1699324176836,{},54.75,2023-11-06 21:29:36.836000-05:00
1699324175332,1699324175332,{},55.0,2023-11-06 21:29:35.332000-05:00
1699324173816,1699324173816,{},55.75,2023-11-06 21:29:33.816000-05:00
1699324172300,1699324172300,{},56.0,2023-11-06 21:29:32.300000-05:00
1699324170818,1699324170818,{},56.5,2023-11-06 21:29:30.818000-05:00
1699324169293,1699324169293,{},56.75,2023-11-06 21:29:29.293000-05:00
1699324167790,1699324167790,{},57.0,2023-11-06 21:29:27.790000-05:00
1699324166311,1699324166311,{},57.25,2023-11-06 21:29:26.311000-05:00
1699324164799,1699324164799,{},57.5,2023-11-06 21:29:24.799000-05:00
1699324163310,1699324163310,{},58.0,2023-11-06 21:29:23.310000-05:00
1699324161782,1699324161782,{},58.25,2023-11-06 21:29:21.782000-05:00
1699324160281,1699324160281,{},58.0,2023-11-06 21:29:20.281000-05:00
1699324158769,1699324158769,{},58.75,2023-11-06 21:29:18.769000-05:00
1699324157268,1699324157268,{},59.25,2023-11-06 21:29:17.268000-05:00
1699324155874,1699324155874,{},59.75,2023-11-06 21:29:15.874000-05:00
1699324154264,1699324154264,{},60.0,2023-11-06 21:29:14.264000-05:00
1699324152753,1699324152753,{},60.25,2023-11-06 21:29:12.753000-05:00
1699324151281,1699324151281,{},60.25,2023-11-06 21:29:11.281000-05:00
1699324149748,1699324149748,{},61.0,2023-11-06 21:29:09.748000-05:00
1699324148249,1699324148249,{},61.25,2023-11-06 21:29:08.249000-05:00
1699324146754,1699324146754,{},62.0,2023-11-06 21:29:06.754000-05:00
1699324145241,1699324145241,{},62.0,2023-11-06 21:29:05.241000-05:00
1699324143761,1699324143761,{},62.5,2023-11-06 21:29:03.761000-05:00
1699324142239,1699324142239,{},62.75,2023-11-06 21:29:02.239000-05:00
1699324140757,1699324140757,{},63.5,2023-11-06 21:29:00.757000-05:00
1699324139215,1699324139215,{},63.75,2023-11-06 21:28:59.215000-05:00
1699324137733,1699324137733,{},63.75,2023-11-06 21:28:57.733000-05:00
1699324136215,1699324136215,{},64.0,2023-11-06 21:28:56.215000-05:00
1699324134703,1699324134703,{},64.5,2023-11-06 21:28:54.703000-05:00
1699324133221,1699324133221,{},65.5,2023-11-06 21:28:53.221000-05:00
1699324131707,1699324131707,{},66.0,2023-11-06 21:28:51.707000-05:00
1699324130199,1699324130199,{},66.0,2023-11-06 21:28:50.199000-05:00
1699324128692,1699324128692,{},66.5,2023-11-06 21:28:48.692000-05:00
1699324127184,1699324127184,{},67.5,2023-11-06 21:28:47.184000-05:00
1699324125703,1699324125703,{},67.25,2023-11-06 21:28:45.703000-05:00
1699324124191,1699324124191,{},68.75,2023-11-06 21:28:44.191000-05:00
1699324122677,1699324122677,{},69.0,2023-11-06 21:28:42.677000-05:00
1699324121176,1699324121176,{},69.75,2023-11-06 21:28:41.176000-05:00
1699324119669,1699324119669,{},70.25,2023-11-06 21:28:39.669000-05:00
1699324118172,1699324118172,{},71.5,2023-11-06 21:28:38.172000-05:00
1699324116659,1699324116659,{},72.25,2023-11-06 21:28:36.659000-05:00
1699324115220,1699324115220,{},73.25,2023-11-06 21:28:35.220000-05:00
1699324113652,1699324113652,{},74.5,2023-11-06 21:28:33.652000-05:00
1699324112163,1699324112163,{},75.5,2023-11-06 21:28:32.163000-05:00
1699324110669,1699324110669,{},76.75,2023-11-06 21:28:30.669000-05:00
1699324109144,1699324109144,{},78.25,2023-11-06 21:28:29.144000-05:00
1699324107660,1699324107660,{},79.5,2023-11-06 21:28:27.660000-05:00
1699324106133,1699324106133,{},82.0,2023-11-06 21:28:26.133000-05:00
